Timestamp,Πόσα χρόνια δουλεύεις επαγγελματικά ως προγραμματιστής;,Με τι είδος development ασχολείσαι επαγγελματικά αυτή την περίοδο;,Σε ποιες γλώσσες προγραμματισμού δουλεύεις  επαγγελματικά αυτή την περίοδο;,Τι μέγεθος είναι η εταιρεία που δουλεύεις;,Ποιος είναι ο τρόπος εργασίας;,Έχεις άτομα υπό την επίβλεψη σου;,Έχεις προσωπικά projects ή κάνεις freelancing πέρα από την κύρια εργασία σου;,Σε ποια πόλη μένεις;,Σε ποια πόλη δουλεύεις;,Φύλλο;,Ποιος είναι ο ετήσιος καθαρός μισθός σου;
7/15/2020 12:03:11,4-5,"DevOps, Backend, Frontend","C#, JavaScript",11-50,Και τα δύο,Όχι,Ναι,Αθήνα,Αθήνα,Άντρας,18200
7/15/2020 12:03:58,1-3,"Backend, Frontend","C#, JavaScript",11-50,Στον χώρο του εργοδότη,Όχι,Όχι,Δράμα,Καβάλα,Άντρας,13100
7/15/2020 12:05:43,1-3,Full Stack Web Developer,"C#, JavaScript, PHP",11-50,Και τα δύο,Όχι,Όχι,Αθήνα,Αθήνα,Άντρας,5460
7/15/2020 12:11:37,11+,Backend,"Java, C#",11-50,Και τα δύο,Ναι,Όχι,ΠΕΙΡΑΙΑΣ,ΠΕΙΡΑΙΑΣ,Άντρας,43500
7/15/2020 12:12:45,1-3,Frontend,JavaScript,11-50,Και τα δύο,Όχι,Όχι,Αθήνα,Αθήνα,Άντρας,16800
7/15/2020 12:15:15,4-5,Backend,"JavaScript, PHP",<10,Στον χώρο του εργοδότη,Όχι,Ναι,Ηράκλειο,Ηράκλειο,Άντρας,9600
7/15/2020 12:16:28,1-3,"DevOps, Backend, Frontend","C#, Visual Basic .NET, PHP",201-500,Και τα δύο,Ναι,Όχι,Θεσσαλονίκη,lisbon,Άντρας,10000
7/15/2020 12:16:33,1-3,Frontend,"Java, JavaScript",501+,Και τα δύο,Ναι,Όχι,Θεσσαλονίκη,Θεσσαλονίκη,Άντρας,13488
7/15/2020 12:21:06,1-3,"Backend, Frontend",C#,<10,Στον χώρο του εργοδότη,Όχι,Ναι,Αθήνα,Αθήνα,Άντρας,10200
7/15/2020 12:28:46,1-3,"Backend, Mobile apps, Desktop apps","C, Python, JavaScript",201-500,Απομακρυσμένα,Όχι,Όχι,Ηράκλειο,Stuttgart,Άντρας,"15,360 για μερικη απασχοληση σαν εργαζομενος φοιτητης(2ο ετος)"
7/15/2020 12:28:51,6-10,"Backend, Frontend","JavaScript, PHP",<10,Στον χώρο του εργοδότη,Όχι,Όχι,Αθήνα,Αθήνα,Άντρας,15600
7/15/2020 12:31:21,1-3,Mobile apps,Swift,51-100,Στον χώρο του εργοδότη,Όχι,Ναι,Θεσσαλονίκη,Θεσσαλονίκη,Άντρας,15400
7/15/2020 12:32:10,1-3,Backend,C#,101-200,Στον χώρο του εργοδότη,Όχι,Ναι,Αθήνα,Αθήνα,Άντρας,10000
7/15/2020 12:36:55,4-5,Mobile apps,Swift,101-200,Και τα δύο,Όχι,Ναι,Αθήνα,Αθήνα,Άντρας,25600
7/15/2020 12:39:45,6-10,AI / ML,"Java, Python, Visual Basic, R",101-200,Στον χώρο του εργοδότη,Ναι,Ναι,Αθήνα,Αθήνα,Άντρας,3.6
7/15/2020 12:46:37,1-3,"Backend, Frontend","Java, JavaScript",201-500,Στον χώρο του εργοδότη,Όχι,Όχι,Αθήνα,Αθήνα,Άντρας,11.27
7/15/2020 12:50:54,1-3,Mobile apps,"Java, Kotlin",<10,Απομακρυσμένα,Όχι,Ναι,Ρέθυμνο,Αίγιο,Άντρας,11200
7/15/2020 12:52:17,4-5,embedded/low-level/systems programming,"C, C++, Assembly",501+,Και τα δύο,Όχι,Ναι,Θεσσαλονίκη,Dublin/California ,Άντρας,~43.000
7/15/2020 12:54:01,4-5,Frontend,JavaScript,501+,Απομακρυσμένα,Όχι,Ναι,Krakow,δεν έχω συγκεκριμένη πολη,Άντρας,38000
7/15/2020 12:54:08,1-3,Mobile apps,"Java, Kotlin",11-50,Στον χώρο του εργοδότη,Όχι,Όχι,Λεμεσό,,Άντρας,33800
7/15/2020 12:57:03,1-3,Frontend,JavaScript,501+,Και τα δύο,Ναι,Ναι,Αθήνα,Αθήνα,Άντρας,20000
7/15/2020 12:57:16,1-3,Mobile apps,"Java, C++, Python, JavaScript",<10,Απομακρυσμένα,Όχι,Ναι,London,London,Άντρας,1E+99
7/15/2020 13:07:57,1-3,Backend,"C#, Python, JavaScript",51-100,Στον χώρο του εργοδότη,Όχι,Ναι,Θεσσαλονίκη,Θεσσαλονίκη,Άντρας,700
7/15/2020 13:08:17,1-3,"Backend, Frontend","Python, JavaScript, Clojure",501+,Και τα δύο,Όχι,Ναι,Αθήνα,Berlin,Άντρας,40K
7/15/2020 13:23:45,1-3,"Backend, Frontend","JavaScript, PHP",201-500,Στον χώρο του εργοδότη,Όχι,Όχι,Αθήνα,Αθήνα,Άντρας,12600
7/15/2020 13:27:02,11+,"Backend, Frontend","JavaScript, PHP",<10,Στον χώρο του εργοδότη,Όχι,Όχι,Ηράκλειο,Ηράκλειο,Άντρας,18000
7/15/2020 13:30:46,4-5,"Backend, Frontend","C, Python, JavaScript, Ruby",11-50,Στον χώρο του εργοδότη,Ναι,Όχι,Θεσσαλονίκη,Θεσσαλονίκη,Άντρας,25000
7/15/2020 13:31:19,4-5,Backend,Ruby,51-100,Στον χώρο του εργοδότη,Όχι,Όχι,Amsterdam,Amsterdam,Άντρας,42000
7/15/2020 13:32:13,4-5,Backend,Ruby,11-50,Στον χώρο του εργοδότη,Όχι,Όχι,Αθήνα,Αθήνα,Άντρας,16000
7/15/2020 13:34:05,1-3,"Mobile apps, Desktop apps","Java, JavaScript",11-50,Απομακρυσμένα,Όχι,Όχι,Χανια,,Άντρας,12000
7/15/2020 13:56:59,6-10,"DevOps, Backend, Frontend, Desktop apps",Java,11-50,Στον χώρο του εργοδότη,Ναι,Ναι,Αθήνα,,Άντρας,24000
7/15/2020 13:57:25,4-5,"Backend, Frontend",PHP,201-500,Στον χώρο του εργοδότη,Όχι,Ναι,Αθήνα,Αθήνα,Άντρας,18500
7/15/2020 14:03:17,1-3,"Backend, Frontend, Desktop apps","C#, JavaScript, Visual Basic, Typescript",501+,Στον χώρο του εργοδότη,Όχι,Ναι,Αθήνα,Αθήνα,Άντρας,15560
7/15/2020 14:12:40,1-3,Frontend,JavaScript,501+,Και τα δύο,Όχι,Ναι,Θεσσαλονίκη,Θεσσαλονίκη,Άντρας,20300
7/15/2020 14:12:47,6-10,Mobile apps,Swift,101-200,Και τα δύο,Ναι,Ναι,Αθήνα,Αθήνα,Άντρας,28000
7/15/2020 14:16:46,1-3,Mobile apps,"Java, Kotlin",<10,Και τα δύο,Όχι,Ναι,Σέρρες,Θεσσαλονίκη,Άντρας,7200
7/15/2020 14:22:05,1-3,Backend,Python,11-50,Και τα δύο,Όχι,Όχι,Θεσσαλονίκη,Θεσσαλονίκη,Άντρας,15400
7/15/2020 14:23:51,4-5,DevOps,Python,201-500,Στον χώρο του εργοδότη,Όχι,Ναι,London,London,Άντρας,63600
7/15/2020 14:35:17,6-10,"DevOps, Backend",Java,501+,Και τα δύο,Ναι,Ναι,London,London,Άντρας,4000
7/15/2020 14:40:04,4-5,Backend,"JavaScript, PHP, Go",501+,Και τα δύο,Όχι,Ναι,Αθήνα,Αθήνα,Άντρας,21000
7/15/2020 14:58:27,1-3,"DevOps, Backend, Frontend, AI / ML","Python, JavaScript, Typescript, Rust",101-200,Και τα δύο,Όχι,Ναι,Θεσσαλονίκη,Θεσσαλονίκη,Άντρας,6000
7/15/2020 15:06:05,1-3,"Backend, Frontend","Java, JavaScript",501+,Και τα δύο,Όχι,Όχι,Αθήνα,Αθήνα,Άντρας,13000
7/15/2020 15:07:44,1-3,Frontend,"Java, JavaScript",<10,Στον χώρο του εργοδότη,Όχι,Όχι,Κοζανη,,Άντρας,10500
7/15/2020 15:16:36,Δε δουλεύω ακόμα,Websites,Python,<10,Απομακρυσμένα,Ναι,Ναι,Σέρρες,Σέρρες,Άντρας,12
7/15/2020 15:38:48,6-10,Frontend,JavaScript,101-200,Και τα δύο,Ναι,Όχι,Leeds,"Leeds, UK",Άντρας,36263.59
7/15/2020 15:48:13,1-3,"Backend, Frontend",C++,501+,Και τα δύο,Όχι,Ναι,Αθήνα,Αθήνα,Άντρας,11620
7/15/2020 15:58:38,1-3,Backend,Java,11-50,Και τα δύο,Όχι,Όχι,Amsterdam,Amsterdam,Άντρας,38
7/15/2020 16:02:01,4-5,AI / ML,"C, C++, C#, Python, Visual Basic .NET, PHP, R",101-200,Και τα δύο,Ναι,Ναι,Πάτρα,Πάτρα,Άντρας,348000
7/15/2020 16:09:44,1-3,Backend,Kotlin,101-200,Και τα δύο,Όχι,Όχι,Αθήνα,Αθήνα,Άντρας,8850
7/15/2020 16:39:26,1-3,Desktop apps,C#,201-500,Στον χώρο του εργοδότη,Όχι,Ναι,Αθήνα,Αθήνα,Άντρας,18231
7/15/2020 16:42:32,1-3,Frontend,JavaScript,101-200,Στον χώρο του εργοδότη,Όχι,Ναι,Πάτρα,Πάτρα,Άντρας,12320
7/15/2020 17:01:05,1-3,ICT,Python,501+,Και τα δύο,Όχι,Ναι,Amsterdam,Amsterdam,Άντρας,40000
7/15/2020 17:14:26,4-5,"DevOps, Backend","C#, Kotlin, Ruby, scala",11-50,Και τα δύο,Όχι,Ναι,Nuremberg,Nuremberg,Άντρας,35000
7/15/2020 17:17:13,1-3,AI / ML,Python,<10,Και τα δύο,Όχι,Ναι,Πάτρα,Πάτρα,Άντρας,1000
7/15/2020 17:19:14,6-10,"DevOps, Backend, Frontend","C#, JavaScript",51-100,Στον χώρο του εργοδότη,Ναι,Όχι,Αθήνα,Αθήνα,Άντρας,1400
7/15/2020 17:47:01,1-3,"Backend, Frontend","Java, JavaScript",101-200,Και τα δύο,Όχι,Όχι,Θεσσαλονίκη,Θεσσαλονίκη,Γυναίκα,850€ * 14 = 11.900€
7/15/2020 17:53:50,11+,"DevOps, Backend, Frontend, Mobile apps, AI / ML","Python, JavaScript, Ruby",11-50,Απομακρυσμένα,Ναι,Ναι,Αθήνα,London,Άντρας,78000
7/15/2020 18:00:47,Δε δουλεύω ακόμα,Backend,"Python, JavaScript, PHP",<10,Απομακρυσμένα,Όχι,Ναι,Θεσσαλονίκη,Θεσσαλονίκη,Άντρας,12000
7/15/2020 18:01:53,6-10,Mobile apps,Java,51-100,Και τα δύο,Ναι,Όχι,Αθήνα,Αθήνα,Άντρας,"14,700"
7/15/2020 18:07:19,6-10,Backend,Ruby,201-500,Απομακρυσμένα,Ναι,Όχι,Αθήνα,San Francisco,Άντρας,~100.000
7/15/2020 18:19:01,1-3,"Backend, Frontend, AI / ML","C#, JavaScript, R",501+,Και τα δύο,Όχι,Όχι,Glasgow,Glasgow,Άντρας,30548
7/15/2020 18:31:39,1-3,"Backend, Frontend, Mobile apps","JavaScript, PHP",<10,Στον χώρο του εργοδότη,Όχι,Όχι,Ηράκλειο,Ηράκλειο,Άντρας,680
7/15/2020 18:35:28,1-3,"Backend, Frontend",PHP,51-100,Στον χώρο του εργοδότη,Όχι,Ναι,Θεσσαλονίκη,Θεσσαλονίκη,Άντρας,7800
7/15/2020 18:35:43,1-3,Backend,Java,<10,Στον χώρο του εργοδότη,Όχι,Ναι,Berlin,Berlin,Άντρας,1800
7/15/2020 18:39:00,Δε δουλεύω ακόμα,"Backend, Frontend","JavaScript, PHP",<10,Απομακρυσμένα,Όχι,Ναι,Αθήνα,Αθήνα,Άντρας,6500
7/15/2020 18:39:29,1-3,Backend,Python,11-50,Και τα δύο,Όχι,Όχι,Vienna,,Άντρας,30000
7/15/2020 18:46:10,4-5,Backend,PHP,11-50,Και τα δύο,Όχι,Ναι,Σέρρες,Δράμα,Άντρας,"11,800"
7/15/2020 18:48:30,6-10,"Backend, Mobile apps, Gaming","Java, C#, Visual Basic .NET, PHP, Visual Basic",<10,Και τα δύο,Ναι,Ναι,Αθήνα,Αθήνα,Άντρας,18000
7/15/2020 19:01:33,1-3,"DevOps, Backend","Python, Go",<10,Και τα δύο,Όχι,Ναι,Αθήνα,Αθήνα,Άντρας,16800
7/15/2020 19:02:31,4-5,"Frontend, UI/UX","JavaScript, HTML CSS JS",11-50,Στον χώρο του εργοδότη,Όχι,Ναι,Αθήνα,Αθήνα,Άντρας,1600
7/15/2020 19:13:59,11+,"Backend, Desktop apps, AI / ML, BI","C#, Python",51-100,Και τα δύο,Όχι,Όχι,Αθήνα,Αθήνα,Άντρας,23800
7/15/2020 19:19:38,4-5,Frontend,JavaScript,501+,Και τα δύο,Όχι,Ναι,Πάτρα,Πάτρα,Άντρας,1000
7/15/2020 19:22:54,Δε δουλεύω ακόμα,Frontend,"JavaScript, PHP",<10,Και τα δύο,Όχι,Ναι,Αθήνα,Αθήνα,Άντρας,8400
7/15/2020 19:36:39,1-3,"DevOps, Backend, Frontend, Mobile apps","Python, JavaScript, PHP",<10,Και τα δύο,Ναι,Ναι,Αθήνα,Αθήνα,Άντρας,11000
7/15/2020 19:39:08,1-3,"Backend, Frontend","C#, JavaScript",11-50,Στον χώρο του εργοδότη,Όχι,Όχι,Αθήνα,Αθήνα,Άντρας,11000
7/15/2020 19:47:40,4-5,Backend,"JavaScript, PHP",<10,Στον χώρο του εργοδότη,Όχι,Ναι,Αθήνα,Αθήνα,Άντρας,16250
7/15/2020 19:53:18,6-10,"Backend, Frontend","PHP, html css WordPress",<10,Στον χώρο του εργοδότη,Όχι,Ναι,Πάτρα,Πάτρα,Άντρας,5000
7/15/2020 19:54:58,4-5,Backend,"Java, C",201-500,Και τα δύο,Όχι,Όχι,Αθήνα,Αθήνα,Άντρας,18000
7/15/2020 19:55:52,4-5,"Backend, Frontend, embedded","C++, JavaScript, PHP",11-50,Στον χώρο του εργοδότη,Ναι,Ναι,Αθήνα,Αθήνα,Άντρας,18900
7/15/2020 20:15:24,1-3,"Backend, Frontend","C#, JavaScript",501+,Στον χώρο του εργοδότη,Όχι,Ναι,Αθήνα,Αθήνα,Άντρας,16000
7/15/2020 20:26:56,1-3,"Backend, Frontend","Java, JavaScript",201-500,Στον χώρο του εργοδότη,Όχι,Όχι,Αθήνα,Αθήνα,Άντρας,800
7/15/2020 20:28:28,6-10,Frontend,"JavaScript, PHP",11-50,Στον χώρο του εργοδότη,Όχι,Ναι,Θεσσαλονίκη,,Άντρας,8400
7/15/2020 20:38:06,4-5,Mobile apps,"Swift, Objective-C, Kotlin",501+,Απομακρυσμένα,Όχι,Όχι,Αθήνα,Λευκωσια,Άντρας,50000
7/15/2020 20:51:13,1-3,Backend,"JavaScript, PHP",501+,Και τα δύο,Όχι,Ναι,Αθήνα,,Άντρας,12.5
7/15/2020 21:34:38,1-3,Mobile apps,"Java, Kotlin",11-50,Στον χώρο του εργοδότη,Όχι,Ναι,Αθήνα,Αθήνα,Άντρας,700
7/15/2020 21:47:32,1-3,Backend,Python,11-50,Στον χώρο του εργοδότη,Όχι,Όχι,Θεσσαλονίκη,Θεσσαλονίκη,Άντρας,10000
7/15/2020 21:50:56,1-3,"Frontend, embedded","C, JavaScript",11-50,Στον χώρο του εργοδότη,Όχι,Ναι,Θεσσαλονίκη,Θεσσαλονίκη,Άντρας,9000
7/15/2020 21:51:46,1-3,Backend,"Java, JavaScript",501+,Και τα δύο,Όχι,Όχι,Αθήνα,Αθήνα,Άντρας,13104
7/15/2020 21:55:26,4-5,DevOps,Python,51-100,Και τα δύο,Όχι,Όχι,Αθήνα,Αθήνα,Άντρας,17000
7/15/2020 22:01:11,1-3,"Backend, Business Intelligence",C#,11-50,Και τα δύο,Ναι,Όχι,Αθήνα,Αθήνα,Άντρας,15400
7/15/2020 22:17:54,1-3,Frontend,PHP,201-500,Και τα δύο,Όχι,Ναι,Αθήνα,Αθήνα,Άντρας,12280
7/15/2020 22:24:44,6-10,Backend,"PHP, Go",501+,Και τα δύο,Ναι,Όχι,Αθήνα,Αθήνα,Άντρας,24000
7/15/2020 22:36:21,1-3,"Backend, Frontend, Mobile apps","C#, JavaScript",101-200,Στον χώρο του εργοδότη,Όχι,Ναι,ΣΑΛΑΜΙΝΑ,Αθήνα,Άντρας,12000
7/15/2020 22:36:43,1-3,DevOps,"Python, PHP, Ruby, Go, Assembly",11-50,Και τα δύο,Ναι,Ναι,Αθήνα,Αθήνα,Άντρας,10000
7/15/2020 22:42:03,11+,"DevOps, Backend","Java, JavaScript, PHP, Go",11-50,Και τα δύο,Ναι,Ναι,Amsterdam,Amsterdam,Άντρας,55000
7/15/2020 22:51:27,1-3,"Backend, Frontend","Java, JavaScript",201-500,Στον χώρο του εργοδότη,Όχι,Ναι,Θεσσαλονίκη,Θεσσαλονίκη,Άντρας,14000
7/15/2020 22:54:16,Δε δουλεύω ακόμα,"DevOps, Backend","Java, C++, JavaScript",11-50,Στον χώρο του εργοδότη,Όχι,Όχι,Αθήνα,Αθήνα,Άντρας,600
7/15/2020 22:54:49,1-3,"Backend, Frontend, Mobile apps","C#, JavaScript",101-200,Στον χώρο του εργοδότη,Όχι,Ναι,ΣΑΛΑΜΙΝΑ,Αθήνα,Άντρας,12000
7/15/2020 22:56:13,1-3,"Backend, Frontend","Java, JavaScript",501+,Στον χώρο του εργοδότη,Όχι,Όχι,Αθήνα,Αθήνα,Άντρας,930
7/15/2020 23:05:04,6-10,"Backend, Frontend",Java,51-100,Στον χώρο του εργοδότη,Ναι,Όχι,Madrid,Madrid,Άντρας,25000
7/15/2020 23:12:54,4-5,"Backend, Frontend, Mobile apps",Java,101-200,Στον χώρο του εργοδότη,Ναι,Όχι,Καβάλα,Καβάλα,Άντρας,15820
7/15/2020 23:14:02,1-3,Frontend,"Python, JavaScript, Typescript",11-50,Και τα δύο,Όχι,Ναι,Αθήνα,Αθήνα,Άντρας,19000
7/15/2020 23:14:53,4-5,Backend,Java,501+,Και τα δύο,Όχι,Όχι,Αθήνα,Αθήνα,Άντρας,21000
7/15/2020 23:24:44,1-3,Backend,"JavaScript, PHP",<10,Στον χώρο του εργοδότη,Ναι,Ναι,Αθήνα,Αθήνα,Άντρας,11200
7/15/2020 23:33:23,6-10,"Backend, Frontend","JavaScript, PHP",<10,Στον χώρο του εργοδότη,Όχι,Ναι,Κάλυμνος,Κάλυμνος,Άντρας,12600
7/15/2020 23:37:37,1-3,Frontend,JavaScript,11-50,Και τα δύο,Όχι,Όχι,Αθήνα,Αθήνα,Άντρας,12000
7/15/2020 23:49:14,11+,"Backend, Frontend",C#,11-50,Απομακρυσμένα,Ναι,Ναι,Αθήνα,San Francisco,Άντρας,40000
7/15/2020 23:52:39,1-3,"Backend, Frontend",C#,11-50,Στον χώρο του εργοδότη,Όχι,Ναι,Θεσσαλονίκη,Θεσσαλονίκη,Άντρας,21300
7/16/2020 0:04:50,11+,"DevOps, Backend","PHP, Go",201-500,Στον χώρο του εργοδότη,Ναι,Όχι,Amsterdam,Amsterdam,Άντρας,85000
7/16/2020 0:05:20,4-5,"Backend, Frontend","JavaScript, PHP",<10,Απομακρυσμένα,Όχι,Ναι,Θεσσαλονίκη,Αθήνα,Άντρας,10000
7/16/2020 0:31:16,1-3,Backend,Java,501+,Και τα δύο,Όχι,Όχι,Αθήνα,Αθήνα,Άντρας,13600
7/16/2020 0:42:05,1-3,"DevOps, Backend, Mobile apps, Desktop apps, AI / ML, Cybersecurity","Java, C, C++, Python, JavaScript, Assembly",101-200,Στον χώρο του εργοδότη,Όχι,Ναι,Αθήνα,Αθήνα,Άντρας,17000
7/16/2020 0:52:38,4-5,Backend,"JavaScript, PHP",<10,Στον χώρο του εργοδότη,Ναι,Ναι,Αθήνα,Αθήνα,Άντρας,11252
7/16/2020 0:53:33,1-3,Frontend,JavaScript,11-50,Και τα δύο,Όχι,Ναι,Αθήνα,Αθήνα,Άντρας,10400
7/16/2020 1:07:45,1-3,AI / ML,Python,51-100,Και τα δύο,Όχι,Όχι,Αθήνα,Αθήνα,Άντρας,12600
7/16/2020 1:30:56,4-5,Backend,JavaScript,<10,Και τα δύο,Ναι,Ναι,Αθήνα,Αθήνα,Άντρας,1500
7/16/2020 2:27:43,6-10,"Backend, AI / ML","Java, Python",11-50,Και τα δύο,Όχι,Όχι,Θεσσαλονίκη,Θεσσαλονίκη,Άντρας,23500
7/16/2020 7:40:40,11+,"DevOps, Backend, Frontend","Java, JavaScript",11-50,Στον χώρο του εργοδότη,Ναι,Ναι,Ηράκλειο,Ηράκλειο,Άντρας,16000
7/16/2020 10:29:00,1-3,Mobile apps,C#,11-50,Και τα δύο,Ναι,Ναι,Αθήνα,Αθήνα,Άντρας,19765
7/16/2020 10:51:14,6-10,"Mobile apps, Gaming",C#,11-50,Στον χώρο του εργοδότη,Όχι,Όχι,Αθήνα,,Άντρας,25400
7/16/2020 10:55:05,Δε δουλεύω ακόμα,DevOps,Python,<10,Και τα δύο,Όχι,Όχι,Θεσσαλονίκη,Θεσσαλονίκη,Άντρας,9600
7/16/2020 12:32:21,1-3,AI / ML,Python,101-200,Απομακρυσμένα,Όχι,Ναι,Αθήνα,Αθήνα,Άντρας,7200
7/16/2020 12:45:48,4-5,"Backend, Frontend","JavaScript, PHP",11-50,Στον χώρο του εργοδότη,Ναι,Ναι,Αθήνα,Αθήνα,Άντρας,19600
7/16/2020 12:50:45,Δε δουλεύω ακόμα,Backend,Java,<10,Στον χώρο του εργοδότη,Όχι,,Αθήνα,,,0
7/16/2020 13:35:03,1-3,Mobile apps,Java,<10,Στον χώρο του εργοδότη,Όχι,Ναι,Ηράκλειο,Ηράκλειο,Άντρας,700€ το μήνα
7/16/2020 14:27:30,4-5,"Backend, Frontend",JavaScript,201-500,Απομακρυσμένα,Όχι,Όχι,Θεσσαλονίκη,Θεσσαλονίκη,Άντρας,40000
7/16/2020 14:41:06,1-3,Automation Testing,Java,501+,Και τα δύο,Όχι,Όχι,Αθήνα,Αθήνα,Άντρας,13000
7/16/2020 15:32:00,1-3,"DevOps, Backend, Frontend","Java, JavaScript",<10,Και τα δύο,Όχι,Ναι,Αθήνα,Αθήνα,Άντρας,21000
7/16/2020 15:35:01,6-10,Mobile apps,"Java, Kotlin",101-200,Στον χώρο του εργοδότη,Όχι,Ναι,Θεσσαλονίκη,Θεσσαλονίκη,Άντρας,21420
7/16/2020 15:39:34,1-3,Backend,"Java, Groovy",<10,Στον χώρο του εργοδότη,Όχι,Ναι,Αθήνα,Αθήνα,Άντρας,9000
7/16/2020 16:31:07,4-5,Frontend,"JavaScript, PHP",<10,Στον χώρο του εργοδότη,Όχι,Ναι,Αθήνα,Αθήνα,Άντρας,12000
7/16/2020 16:32:58,4-5,"Backend, Frontend","JavaScript, PHP",51-100,Και τα δύο,Όχι,Όχι,Berlin,Berlin,Άντρας,30000
7/16/2020 16:49:36,4-5,"Desktop apps, Gaming",C++,<10,Απομακρυσμένα,Ναι,Ναι,Κομοτηνή,Κομοτηνή,Άντρας,21000
7/16/2020 19:33:45,1-3,Mobile robotics,"C++, Python",501+,Στον χώρο του εργοδότη,Όχι,Ναι,Eindhoven,Eindhoven,Άντρας,31600
7/16/2020 19:44:24,1-3,Frontend,JavaScript,<10,Στον χώρο του εργοδότη,Όχι,Όχι,Αθήνα,Αθήνα,Άντρας,9800
7/16/2020 20:16:46,1-3,Backend,"COBOL, RDML",501+,Στον χώρο του εργοδότη,Όχι,Όχι,Αθήνα,Αθήνα,Άντρας,11200
7/16/2020 20:53:53,1-3,"DevOps, Frontend",JavaScript,11-50,Στον χώρο του εργοδότη,Όχι,Ναι,Αθήνα,Αθήνα,Άντρας,9800
7/16/2020 21:31:03,4-5,Backend,C#,51-100,Στον χώρο του εργοδότη,Όχι,Ναι,Αθήνα,Αθήνα,Άντρας,1400
7/16/2020 21:36:02,4-5,"Backend, Frontend","C#, JavaScript",201-500,Και τα δύο,Όχι,Όχι,Αθήνα,Αθήνα,Άντρας,19600
7/16/2020 22:46:09,1-3,Backend,"JavaScript, PHP",<10,Στον χώρο του εργοδότη,Όχι,Όχι,Κύπρο,Λάρνακα,Άντρας,13200
7/16/2020 23:15:58,1-3,"Backend, Frontend",C#,101-200,Στον χώρο του εργοδότη,Όχι,Όχι,Αθήνα,Αθήνα,Άντρας,11.2
7/16/2020 23:33:08,6-10,"Backend, Frontend","C#, JavaScript",11-50,Και τα δύο,Όχι,Όχι,Oxford,Oxford,Άντρας,70000 στο περιπου 
7/16/2020 23:53:24,1-3,Backend,PHP,<10,Στον χώρο του εργοδότη,Όχι,Ναι,Βόλος,Βόλος,Άντρας,10500
7/17/2020 11:17:16,11+,Backend,"Java, JavaScript, Groovy",201-500,Απομακρυσμένα,Όχι,Ναι,Θεσσαλονίκη,Αθήνα,Άντρας,20300
7/17/2020 12:04:13,11+,"DevOps, AI / ML, + project managment","C#, Python, Visual Basic .NET, JavaScript",<10,Και τα δύο,Ναι,Ναι,Αθήνα,Αθήνα,Άντρας,1200
7/17/2020 18:52:45,4-5,Frontend,JavaScript,501+,Και τα δύο,Ναι,Ναι,Αθήνα,Αθήνα,Άντρας,23500
7/17/2020 21:56:59,4-5,Fullstack,"JavaScript, PHP, Ruby",11-50,Απομακρυσμένα,Όχι,Όχι,Kalmar,Stockholm,Άντρας,43750
7/17/2020 22:58:48,11+,Backend,PHP,11-50,Απομακρυσμένα,Όχι,Όχι,Ηράκλειο,Zurich,Άντρας,60000
7/18/2020 8:21:00,4-5,"Backend, Frontend","Java, C#",201-500,Στον χώρο του εργοδότη,Όχι,Όχι,Αθήνα,Αθήνα,Άντρας,16800
7/18/2020 11:40:25,4-5,"DevOps, Backend, Frontend","PHP, Go",51-100,Και τα δύο,Ναι,Ναι,Αθήνα,Αθήνα,Άντρας,18000
7/18/2020 12:30:41,1-3,"DevOps, Backend",Python,501+,Στον χώρο του εργοδότη,Όχι,Όχι,Αθήνα,Αθήνα,Άντρας,930
7/18/2020 13:09:02,1-3,"Frontend, Mobile apps",JavaScript,11-50,Και τα δύο,Ναι,Όχι,Αθήνα,Αθήνα,Γυναίκα,24000
7/19/2020 0:49:25,1-3,Backend,C#,501+,Και τα δύο,Όχι,Όχι,Αθήνα,Αθήνα,Άντρας,10500
7/19/2020 11:32:01,4-5,"DevOps, Backend, Mobile apps","Java, C, C++, C#, Python, JavaScript, PHP",11-50,Και τα δύο,Ναι,Ναι,Αθήνα,Αθήνα,Άντρας,15000
7/19/2020 16:12:49,1-3,Mobile apps,"Java, PHP, Swift, Kotlin",11-50,Στον χώρο του εργοδότη,Όχι,Ναι,Αθήνα,Αθήνα,Άντρας,10200
7/19/2020 17:01:00,6-10,"Backend, Finance/Trading applications",Java,501+,Και τα δύο,Όχι,Όχι,Amsterdam,Amsterdam,Άντρας,70000
7/20/2020 1:07:01,1-3,"Backend, Frontend","Python, JavaScript, PHP",11-50,Και τα δύο,Ναι,Όχι,Αθήνα,Αθήνα,Άντρας,9000
7/20/2020 9:05:19,1-3,"Backend, Frontend","C#, Python, JavaScript, PHP",11-50,Στον χώρο του εργοδότη,Όχι,Ναι,Ξάνθη,Ξάνθη,Άντρας,10
7/20/2020 10:56:30,1-3,"Backend, Frontend","Java, JavaScript",201-500,Και τα δύο,Όχι,Όχι,Αθήνα,Αθήνα,Άντρας,9936
7/20/2020 11:05:10,6-10,Mobile apps,"Java, C#, Swift, Kotlin",11-50,Στον χώρο του εργοδότη,Όχι,Όχι,Ιωάννινα,Ιωάννινα,Άντρας,15000
7/20/2020 11:06:00,1-3,DevOps,"Visual Basic .NET, JavaScript",<10,Στον χώρο του εργοδότη,Ναι,Όχι,Θεσσαλονίκη,Θεσσαλονίκη,Άντρας,12.18€
7/20/2020 11:22:38,1-3,"Backend, Desktop apps","C#, JavaScript, Dynamics NAV",11-50,Στον χώρο του εργοδότη,Όχι,Ναι,Αθήνα,Αθήνα,Άντρας,9996
7/20/2020 14:15:24,1-3,Desktop apps,C++,51-100,Στον χώρο του εργοδότη,Όχι,Όχι,Θεσσαλονίκη,Θεσσαλονίκη,Άντρας,15000
7/20/2020 16:49:42,11+,"Backend, Frontend","JavaScript, PHP",<10,Και τα δύο,Όχι,Ναι,Αθήνα,Αθήνα,Άντρας,1000
7/20/2020 19:25:50,1-3,Backend,"Java, Python",<10,Στον χώρο του εργοδότη,Όχι,Όχι,Αθήνα,Αθήνα,Άντρας,12000
7/20/2020 23:24:39,1-3,RPA Developer,C#,501+,Και τα δύο,Ναι,Ναι,Bratislava,Bratislava,Άντρας,16000
7/21/2020 11:14:04,1-3,Backend,Java,501+,Απομακρυσμένα,Όχι,Όχι,Αθήνα,Αθήνα,Άντρας,12600
7/21/2020 12:26:53,1-3,"Backend, Frontend","C#, JavaScript",201-500,Και τα δύο,Ναι,Όχι,Θεσσαλονίκη,Θεσσαλονίκη,Άντρας,670
7/21/2020 14:41:37,4-5,Backend,Java,201-500,Και τα δύο,Όχι,,Αθήνα,,,21000
7/21/2020 16:03:52,1-3,FULL STACK DEVELOPER,"JavaScript, PHP",<10,Και τα δύο,Ναι,Όχι,Αθήνα,Αθήνα,Άντρας,12300
7/21/2020 17:08:40,6-10,"DevOps, Backend",Python,11-50,Απομακρυσμένα,Όχι,Ναι,Αθήνα,London,Άντρας,1500
7/21/2020 18:48:36,1-3,"Backend, Frontend",Java,<10,Στον χώρο του εργοδότη,Όχι,Όχι,Αθήνα,Αθήνα,Άντρας,13500
7/21/2020 21:46:08,4-5,"Backend, Frontend","C#, JavaScript",201-500,Και τα δύο,Όχι,Ναι,Αθήνα,Αθήνα,Άντρας,23.8
7/21/2020 22:19:03,6-10,"Backend, Frontend","JavaScript, PHP",<10,Στον χώρο του εργοδότη,Όχι,Όχι,ΚΑΒΑΛΑ,ΚΑΒΑΛΑ,Άντρας,16000
7/21/2020 23:11:21,1-3,Backend,Python,11-50,Στον χώρο του εργοδότη,Όχι,Όχι,Berlin,Berlin,Άντρας,28440
7/22/2020 0:35:55,1-3,Frontend,"JavaScript, PHP",201-500,Στον χώρο του εργοδότη,Όχι,Όχι,Cologne,,Άντρας,30000
7/22/2020 10:17:15,1-3,"Backend, Frontend","Java, JavaScript",201-500,Και τα δύο,Όχι,Όχι,Θεσσαλονίκη,Θεσσαλονίκη,Άντρας,17000
7/22/2020 11:58:52,1-3,"DevOps, Backend, Frontend","Java, JavaScript",501+,Και τα δύο,Ναι,Όχι,Αθήνα,Αθήνα,Άντρας,19000
7/22/2020 12:35:46,6-10,"Mobile apps, Desktop apps",Java,201-500,Στον χώρο του εργοδότη,Όχι,Όχι,Θεσσαλονίκη,Θεσσαλονίκη,Άντρας,21
7/22/2020 12:37:24,Δε δουλεύω ακόμα,"Backend, Frontend","JavaScript, PHP",<10,Και τα δύο,Όχι,Ναι,Ηράκλειο,Ηράκλειο,Άντρας,850
7/22/2020 12:47:27,1-3,Frontend,JavaScript,<10,Και τα δύο,Όχι,Ναι,Αθήνα,,Άντρας,7200
7/22/2020 12:48:13,1-3,"Backend, Frontend","Java, JavaScript",101-200,Στον χώρο του εργοδότη,Όχι,Όχι,Αθήνα,,Άντρας,15400
7/22/2020 12:53:37,4-5,Mobile apps,Kotlin,51-100,Και τα δύο,Ναι,Ναι,Θεσσαλονίκη,Θεσσαλονίκη,Άντρας,16000
7/22/2020 12:54:56,1-3,"Backend, Frontend","C#, JavaScript",<10,Στον χώρο του εργοδότη,Όχι,Όχι,Αθήνα,Αθήνα,Άντρας,750 καθαρά x 12 + (750 + 375 δώρα) = 10.125 (χωρίς bonus)
7/22/2020 13:03:59,1-3,Mobile apps,"Java, Kotlin",51-100,Στον χώρο του εργοδότη,Όχι,Όχι,Αθήνα,Αθήνα,Άντρας,15000
7/22/2020 13:04:31,4-5,Backend,C#,51-100,Στον χώρο του εργοδότη,Όχι,Ναι,Αθήνα,Αθήνα,Άντρας,21000
7/22/2020 14:37:27,4-5,"Backend, Frontend","JavaScript, PHP",201-500,Στον χώρο του εργοδότη,Όχι,Ναι,Αθήνα,Αθήνα,Άντρας,1300
7/22/2020 15:19:51,4-5,"Backend, Frontend","JavaScript, PHP",<10,Απομακρυσμένα,Όχι,Ναι,Θεσσαλονίκη,London,Άντρας,45000
7/22/2020 15:34:30,6-10,"Backend, Frontend",Java,51-100,Στον χώρο του εργοδότη,Ναι,Όχι,Αθήνα,Αθήνα,Άντρας,20000
7/22/2020 16:39:23,1-3,Desktop apps,Java,<10,Στον χώρο του εργοδότη,Ναι,Ναι,Αθήνα,Αθήνα,Άντρας,17000
7/22/2020 16:54:14,1-3,Backend,"C#, CA GEN",201-500,Και τα δύο,Όχι,Όχι,Αθήνα,Αθήνα,Άντρας,15325
7/22/2020 17:10:46,1-3,Backend,PHP,<10,Και τα δύο,Όχι,Ναι,Αθήνα,Αθήνα,Άντρας,14000
7/22/2020 17:49:19,1-3,Backend,"C#, Python, JavaScript",51-100,Στον χώρο του εργοδότη,Όχι,Ναι,Θεσσαλονίκη,Θεσσαλονίκη,Άντρας,700
7/22/2020 18:33:13,1-3,Frontend,"Python, JavaScript",<10,Απομακρυσμένα,Όχι,Ναι,London,London,Άντρας,35
7/22/2020 18:53:34,6-10,Backend,"PHP, Ruby, Go",501+,Και τα δύο,Ναι,Ναι,Αθήνα,Αθήνα,Άντρας,3200
7/22/2020 19:03:39,4-5,"Backend, Frontend","JavaScript, PHP",11-50,Στον χώρο του εργοδότη,Όχι,Ναι,Θεσσαλονίκη,Θεσσαλονίκη,Άντρας,9000
7/22/2020 19:57:56,11+,"Backend, Frontend","Ruby, Elixir",<10,Και τα δύο,Ναι,Ναι,Αθήνα,Αθήνα,Άντρας,40000
7/22/2020 20:10:47,1-3,Backend,Java,11-50,Στον χώρο του εργοδότη,Όχι,Όχι,Αθήνα,Αθήνα,Άντρας,27000
7/22/2020 21:06:51,1-3,Frontend,JavaScript,<10,Στον χώρο του εργοδότη,Όχι,Ναι,Θεσσαλονίκη,Θεσσαλονίκη,Άντρας,11200
7/22/2020 21:29:55,6-10,Backend,Java,<10,Στον χώρο του εργοδότη,Όχι,Ναι,Θεσσαλονίκη,Θεσσαλονίκη,Άντρας,19.6
7/22/2020 22:24:48,1-3,Frontend,"JavaScript, PHP",11-50,Στον χώρο του εργοδότη,Ναι,Ναι,Θεσσαλονίκη,Θεσσαλονίκη,Άντρας,14000
7/22/2020 22:50:05,4-5,"Backend, Frontend","JavaScript, PHP, VueJs",11-50,Απομακρυσμένα,Όχι,Ναι,Λάρισα,Αθήνα,Άντρας,17040
7/22/2020 23:51:53,1-3,Frontend,JavaScript,<10,Στον χώρο του εργοδότη,Όχι,Ναι,Θεσσαλονίκη,Θεσσαλονίκη,Άντρας,8200
7/22/2020 23:58:21,11+,"Backend, Frontend",JavaScript,51-100,Απομακρυσμένα,Όχι,Όχι,-,-,Άντρας,104
7/23/2020 1:04:41,1-3,Desktop apps,Visual Basic .NET,201-500,Στον χώρο του εργοδότη,Όχι,Ναι,Αθήνα,,Άντρας,7056
7/23/2020 2:23:01,4-5,"DevOps, Backend, Frontend, Mobile apps","Java, JavaScript, Typescript",11-50,Στον χώρο του εργοδότη,Όχι,Όχι,Θεσσαλονίκη,Θεσσαλονίκη,Άντρας,14200
7/23/2020 2:27:58,1-3,Backend,C#,11-50,Στον χώρο του εργοδότη,Όχι,Όχι,Αθήνα,Αθήνα,Άντρας,11.2
7/23/2020 6:05:59,1-3,Frontend,JavaScript,11-50,Απομακρυσμένα,Όχι,Όχι,Θεσσαλονίκη,Miami,Άντρας,12
7/23/2020 10:17:37,1-3,Backend,Java,501+,Και τα δύο,Ναι,Όχι,Αθήνα,Αθήνα,Άντρας,14000
7/23/2020 13:41:04,6-10,"Backend, Frontend","JavaScript, PHP",11-50,Στον χώρο του εργοδότη,Όχι,Ναι,Αθήνα,Αθήνα,Άντρας,22400
7/23/2020 13:42:06,6-10,"Backend, Frontend, Drupal","JavaScript, PHP, html, css",11-50,Απομακρυσμένα,Όχι,Ναι,Αθήνα,Αθήνα,Άντρας,28000
7/23/2020 14:22:21,1-3,Backend,PHP,501+,Στον χώρο του εργοδότη,Ναι,Ναι,Αθήνα,Αθήνα,Άντρας,1100
7/23/2020 18:38:19,Δε δουλεύω ακόμα,Frontend,Python,<10,Και τα δύο,Όχι,Ναι,Αθήνα,Αθήνα,Άντρας,0
7/23/2020 20:04:04,1-3,"Backend, Frontend","JavaScript, PHP",11-50,Στον χώρο του εργοδότη,Όχι,Ναι,Αθήνα,Αθήνα,Άντρας,10000
7/23/2020 23:28:26,1-3,"Backend, Frontend","JavaScript, PHP",<10,Στον χώρο του εργοδότη,Ναι,Ναι,Θεσσαλονίκη,Θεσσαλονίκη,Άντρας,650
7/23/2020 23:35:10,1-3,"Backend, Frontend","Java, JavaScript",201-500,Στον χώρο του εργοδότη,Ναι,Όχι,Θεσσαλονίκη,Θεσσαλονίκη,Άντρας,15000
7/23/2020 23:51:34,1-3,Backend,Python,<10,Απομακρυσμένα,Όχι,Ναι,Chios,Chios,Άντρας,8450
7/24/2020 0:47:03,1-3,"Backend, Frontend","Python, JavaScript",11-50,Στον χώρο του εργοδότη,Όχι,Όχι,Αθήνα,,Άντρας,16000
7/24/2020 18:59:42,1-3,Backend,"Java, Apex",501+,Απομακρυσμένα,Όχι,Όχι,Θεσσαλονίκη,Θεσσαλονίκη,Άντρας,10276
7/24/2020 23:53:34,1-3,"Mobile apps, Desktop apps","Java, Python, Kotlin",501+,Στον χώρο του εργοδότη,Ναι,Όχι,Αθήνα,,Άντρας,20000
7/25/2020 11:27:12,1-3,Frontend,"JavaScript, html, css",<10,Στον χώρο του εργοδότη,Όχι,Ναι,Αθήνα,Αθήνα,Άντρας,8000
7/25/2020 12:28:39,1-3,Frontend,PHP,<10,Στον χώρο του εργοδότη,Όχι,Ναι,Θεσσαλονίκη,Θεσσαλονίκη,Άντρας,7150
7/25/2020 13:07:59,6-10,"Backend, Frontend","Java, JavaScript, PHP",<10,Και τα δύο,Ναι,Ναι,Αθήνα,Αθήνα,Άντρας,14000
7/25/2020 17:47:07,1-3,"Backend, Frontend",Java,<10,Στον χώρο του εργοδότη,Όχι,Όχι,Αθήνα,,Άντρας,17000
7/25/2020 18:26:33,11+,"Backend, Frontend","Java, C#",501+,Στον χώρο του εργοδότη,Όχι,Όχι,Αθήνα,Αθήνα,Άντρας,19700
7/25/2020 21:26:15,1-3,Frontend,"JavaScript, PHP",501+,Στον χώρο του εργοδότη,Όχι,Ναι,Αθήνα,Αθήνα,Άντρας,11000
7/26/2020 0:40:11,11+,"Backend, Frontend",PHP,501+,Στον χώρο του εργοδότη,Όχι,Ναι,Αθήνα,Αθήνα,Άντρας,21700
7/26/2020 12:53:54,1-3,Cybersecurity,"Java, C, C++, C#, Python, Assembly",11-50,Στον χώρο του εργοδότη,Όχι,Όχι,Αθήνα,,Άντρας,25000
7/26/2020 22:39:56,4-5,Cybersecurity,"C, C++, Assembly",101-200,Στον χώρο του εργοδότη,Ναι,Ναι,Αθήνα,,Άντρας,40000
7/27/2020 14:17:46,4-5,Frontend,angular,201-500,Και τα δύο,Ναι,Ναι,Αθήνα,Αθήνα,Άντρας,19000
7/27/2020 16:39:10,1-3,Backend,Java,201-500,Στον χώρο του εργοδότη,Όχι,Όχι,Αθήνα,,Άντρας,13500
7/27/2020 16:40:38,1-3,Mobile apps,"Java, Kotlin",11-50,Στον χώρο του εργοδότη,Όχι,Όχι,Αθήνα,,Άντρας,14500
7/27/2020 16:41:50,1-3,"Backend, Desktop apps","Java, Python",<10,Στον χώρο του εργοδότη,Όχι,Όχι,Αθήνα,,Άντρας,15300
7/27/2020 21:20:01,1-3,"Backend, Frontend","JavaScript, PHP",11-50,Απομακρυσμένα,Όχι,Ναι,Σέρρες,Αθήνα,Άντρας,12000
7/28/2020 13:05:55,1-3,Frontend,JavaScript,11-50,Και τα δύο,Όχι,Ναι,Αθήνα,Αθήνα,Άντρας,7200
7/28/2020 13:40:52,4-5,"Backend, Frontend","JavaScript, PHP, Ruby",11-50,Απομακρυσμένα,Όχι,Όχι,Karlskrona,Stockholm,Άντρας,63000
7/28/2020 14:15:57,Δε δουλεύω ακόμα,Desktop apps,JavaScript,<10,Και τα δύο,Όχι,Ναι,Αθήνα,Αθήνα,Άντρας,16500
7/28/2020 15:27:49,1-3,"Mobile apps, Gaming",C#,11-50,Απομακρυσμένα,Όχι,Όχι,Πάτρα,Πάτρα,Άντρας,11.20€
7/28/2020 15:44:26,1-3,"DevOps, Backend, Frontend",C#,<10,Και τα δύο,Όχι,Όχι,Αθήνα,Αθήνα,Άντρας,9000
7/28/2020 17:05:34,1-3,Backend,Java,501+,Και τα δύο,Ναι,Ναι,Αθήνα,Αθήνα,Άντρας,15000
7/28/2020 17:49:24,1-3,Backend,Java,11-50,Στον χώρο του εργοδότη,Όχι,Όχι,Αθήνα,,Άντρας,16000
7/28/2020 18:36:34,Δε δουλεύω ακόμα,Desktop apps,"Python, JavaScript",11-50,Στον χώρο του εργοδότη,Ναι,Ναι,Αθήνα,Αθήνα,Άντρας,8000
7/28/2020 21:52:04,4-5,"Backend, Frontend","PHP, Node.js",11-50,Στον χώρο του εργοδότη,Όχι,Όχι,Αθήνα,Αθήνα,Άντρας,15600
7/28/2020 22:35:57,1-3,Backend,"Java, JavaScript",501+,Και τα δύο,Όχι,Όχι,Αθήνα,Αθήνα,Άντρας,9400
7/29/2020 0:31:53,1-3,DevOps,"C, Python, Ruby, Go, Bash",51-100,Στον χώρο του εργοδότη,Όχι,Όχι,Αθήνα,,Άντρας,18000
7/29/2020 14:54:39,1-3,Backend,Java,<10,Στον χώρο του εργοδότη,Όχι,Όχι,Αθήνα,,Άντρας,17000
7/29/2020 16:11:29,1-3,Backend,Avaloq,51-100,Και τα δύο,Όχι,Ναι,Bratislava,Bratislava,Άντρας,18.6
7/29/2020 16:34:32,Δε δουλεύω ακόμα,"DevOps, Backend, Frontend","JavaScript, PHP",<10,Απομακρυσμένα,Όχι,Ναι,London,London,Άντρας,0000000
7/29/2020 17:28:17,1-3,Frontend,JavaScript,101-200,Στον χώρο του εργοδότη,Όχι,Ναι,Αθήνα,Αθήνα,Άντρας,14700
7/29/2020 21:04:17,1-3,Mobile apps,"Java, Kotlin",<10,Στον χώρο του εργοδότη,Ναι,Ναι,Αθήνα,,Άντρας,18000
7/29/2020 21:08:04,1-3,"DevOps, Desktop apps","Java, C, Python",11-50,Στον χώρο του εργοδότη,Όχι,Όχι,Αθήνα,,Άντρας,17500
7/29/2020 21:15:40,1-3,Backend,Java,51-100,Στον χώρο του εργοδότη,Ναι,Ναι,Αθήνα,,Άντρας,19000
7/29/2020 21:16:26,Δε δουλεύω ακόμα,"Backend, Mobile apps",Java,101-200,Στον χώρο του εργοδότη,Όχι,Ναι,Αθήνα,,Άντρας,18500
7/30/2020 0:49:51,1-3,DevSecOp,"C, Python, Ruby, Go",101-200,Στον χώρο του εργοδότη,Όχι,Όχι,Αθήνα,,Άντρας,20000
7/30/2020 18:19:03,1-3,Backend,"JavaScript, PHP",<10,Στον χώρο του εργοδότη,Ναι,Όχι,Κοζάνη,Κοζάνη,Άντρας,7800 (suddenly)
7/30/2020 18:59:53,4-5,"DevOps, Backend","Java, C, Python, Go",51-100,Στον χώρο του εργοδότη,Ναι,Όχι,Αθήνα,,Άντρας,23000
7/30/2020 19:05:16,4-5,"Backend, Frontend","Java, Python",201-500,Στον χώρο του εργοδότη,Ναι,Ναι,Αθήνα,,Άντρας,30000
7/30/2020 19:05:56,6-10,"Backend, Desktop apps",Java,11-50,Στον χώρο του εργοδότη,Ναι,Όχι,Αθήνα,,Άντρας,26000
7/30/2020 19:08:20,4-5,DevOps,"C, Python, Ruby, Go",51-100,Στον χώρο του εργοδότη,Ναι,Όχι,Αθήνα,,Άντρας,27000
7/30/2020 19:09:24,6-10,"Backend, Mobile apps, Desktop apps","Java, Python, Kotlin",101-200,Στον χώρο του εργοδότη,Ναι,Ναι,Αθήνα,,Άντρας,35000
7/30/2020 21:01:18,1-3,Mobile apps,Java,11-50,Στον χώρο του εργοδότη,Ναι,,Θεσσαλονίκη,,,16000
7/30/2020 23:24:32,1-3,Backend,JavaScript,501+,Και τα δύο,Όχι,Όχι,Θεσσαλονίκη,Θεσσαλονίκη,Άντρας,9000
7/31/2020 14:23:49,6-10,Backend,Java,501+,Στον χώρο του εργοδότη,Ναι,Όχι,Αθήνα,,Άντρας,40000
7/31/2020 14:24:52,11+,"Backend, Desktop apps",Java,201-500,Στον χώρο του εργοδότη,Ναι,Όχι,Αθήνα,,Άντρας,45000
7/31/2020 14:40:25,1-3,"Backend, Desktop apps",Python,11-50,Στον χώρο του εργοδότη,Όχι,Όχι,Αθήνα,,Άντρας,15500
7/31/2020 14:41:24,1-3,DevOps,"C, Python, Ruby, Go",101-200,Στον χώρο του εργοδότη,Όχι,Όχι,Αθήνα,,Άντρας,16000
7/31/2020 14:42:23,4-5,"DevOps, Backend","Java, Python, Go",51-100,Στον χώρο του εργοδότη,Όχι,Όχι,Αθήνα,,Άντρας,17000
7/31/2020 18:00:09,1-3,Mobile apps,"Java, Kotlin",11-50,Στον χώρο του εργοδότη,Όχι,Όχι,Αθήνα,,Άντρας,15000
7/31/2020 23:47:55,1-3,AI / ML,"Java, Python",51-100,Στον χώρο του εργοδότη,Όχι,Όχι,Αθήνα,,Άντρας,18500
7/31/2020 23:49:48,1-3,"Backend, Frontend",Java,501+,Στον χώρο του εργοδότη,Όχι,Όχι,Αθήνα,,Άντρας,17000
7/31/2020 23:51:28,1-3,DevSecOp,"C, Python, Ruby, Go, Bash, Perl",51-100,Στον χώρο του εργοδότη,Όχι,Όχι,Αθήνα,,Άντρας,20000
7/31/2020 23:53:33,1-3,Penetration Testing,"C, C++, Python, JavaScript, Assembly",101-200,Στον χώρο του εργοδότη,Όχι,Ναι,Αθήνα,,Άντρας,21000
8/1/2020 0:10:48,4-5,AI / ML,Python,201-500,Στον χώρο του εργοδότη,Ναι,Όχι,Αθήνα,,Άντρας,25000
8/1/2020 14:48:01,4-5,Mobile apps,"Java, Kotlin",201-500,Στον χώρο του εργοδότη,Όχι,Όχι,Αθήνα,,Άντρας,23000
8/1/2020 14:48:43,1-3,DevOps,"Python, Ruby, Go",101-200,Στον χώρο του εργοδότη,Όχι,Όχι,Αθήνα,,Άντρας,18500
8/1/2020 14:51:21,1-3,"Backend, Desktop apps",Java,201-500,Στον χώρο του εργοδότη,Ναι,Όχι,Αθήνα,,Άντρας,45000
8/1/2020 14:55:27,1-3,Backend,Java,11-50,Στον χώρο του εργοδότη,Όχι,Όχι,Αθήνα,,Άντρας,15500
8/1/2020 15:02:37,1-3,Mobile apps,Kotlin,101-200,Στον χώρο του εργοδότη,Όχι,Όχι,Αθήνα,,Άντρας,16000
8/1/2020 21:51:18,1-3,DevOps,"Python, Ruby, Go, Perl",501+,Στον χώρο του εργοδότη,Όχι,Όχι,Αθήνα,,,18500
8/1/2020 21:54:04,1-3,Cybersecurity,"C, C++, Python, Assembly",101-200,Στον χώρο του εργοδότη,Όχι,Όχι,Αθήνα,,Άντρας,21000
8/1/2020 21:55:15,11+,"Backend, Mobile apps, Desktop apps","Java, Python, JavaScript, Kotlin",201-500,Στον χώρο του εργοδότη,Ναι,Όχι,Αθήνα,,Άντρας,50000
8/1/2020 21:57:12,1-3,"Mobile apps, Desktop apps",Java,101-200,Στον χώρο του εργοδότη,Όχι,Όχι,Αθήνα,,Άντρας,17500
8/1/2020 21:58:02,4-5,Backend,Python,101-200,Στον χώρο του εργοδότη,Όχι,Όχι,Αθήνα,,Άντρας,22000
8/2/2020 12:03:26,1-3,Backend,Java,<10,Στον χώρο του εργοδότη,Όχι,Ναι,Αθήνα,,Άντρας,13000
8/2/2020 12:05:34,4-5,DevOps,"C, Python, Ruby, Go",201-500,Στον χώρο του εργοδότη,Όχι,Όχι,Αθήνα,,Άντρας,17000
8/2/2020 12:06:24,6-10,Mobile apps,"Java, Kotlin",501+,Στον χώρο του εργοδότη,Ναι,Όχι,Αθήνα,,Άντρας,25500
8/2/2020 12:07:54,1-3,"Backend, Frontend","Java, Python",101-200,Στον χώρο του εργοδότη,Όχι,Όχι,Αθήνα,,Άντρας,18000
8/2/2020 12:26:26,1-3,Desktop apps,Java,51-100,Στον χώρο του εργοδότη,Όχι,Όχι,Αθήνα,,Άντρας,12500
8/2/2020 19:17:23,1-3,"Mobile apps, Desktop apps","Java, Kotlin",101-200,Στον χώρο του εργοδότη,Όχι,Ναι,Αθήνα,,Άντρας,16000
8/2/2020 20:43:04,1-3,"Mobile apps, Desktop apps",Java,101-200,Στον χώρο του εργοδότη,Όχι,Όχι,Αθήνα,,Άντρας,15000
8/2/2020 21:40:23,1-3,Backend,Java,51-100,Στον χώρο του εργοδότη,Όχι,Όχι,Αθήνα,,Άντρας,15500
8/2/2020 22:46:53,1-3,DevOps,"Python, Ruby, Bash",201-500,Στον χώρο του εργοδότη,Όχι,Όχι,Αθήνα,,Άντρας,17000
8/3/2020 0:10:30,1-3,Backend,Java,501+,Στον χώρο του εργοδότη,Όχι,Όχι,Αθήνα,,Άντρας,19000
8/3/2020 1:00:37,4-5,"Backend, Frontend","Java, Python, JavaScript",11-50,Στον χώρο του εργοδότη,Όχι,Όχι,Αθήνα,,Άντρας,21000
8/3/2020 14:24:49,1-3,Backend,Java,101-200,Στον χώρο του εργοδότη,Όχι,Όχι,Αθήνα,,Άντρας,16500
8/3/2020 14:56:40,4-5,Mobile apps,"Java, Kotlin",51-100,Στον χώρο του εργοδότη,Ναι,Όχι,Αθήνα,,Άντρας,18000
8/3/2020 15:41:24,1-3,"DevOps, Desktop apps",Python,<10,Στον χώρο του εργοδότη,Όχι,Όχι,Αθήνα,,Άντρας,15500
8/3/2020 16:33:06,1-3,"Mobile apps, Desktop apps","Java, Kotlin",11-50,Στον χώρο του εργοδότη,Όχι,Όχι,Αθήνα,,Άντρας,17000
8/3/2020 16:46:38,4-5,Backend,Java,201-500,Στον χώρο του εργοδότη,Όχι,Όχι,Αθήνα,,Άντρας,17500
8/3/2020 17:01:22,6-10,"Backend, Frontend, Mobile apps","Java, Python, JavaScript, Kotlin",51-100,Στον χώρο του εργοδότη,Ναι,Όχι,Αθήνα,,Άντρας,27000
8/3/2020 17:54:54,1-3,Backend,Java,501+,Στον χώρο του εργοδότη,Όχι,Όχι,Αθήνα,,Άντρας,16500
8/3/2020 18:44:14,11+,"Backend, Desktop apps",Java,51-100,Στον χώρο του εργοδότη,Ναι,Όχι,Αθήνα,,Άντρας,50000
8/3/2020 19:20:04,1-3,"Mobile apps, Desktop apps","Python, Kotlin, Ruby",101-200,Στον χώρο του εργοδότη,Όχι,Όχι,Αθήνα,,Άντρας,16000
8/3/2020 19:36:42,1-3,Backend,Python,51-100,Στον χώρο του εργοδότη,Όχι,Όχι,Αθήνα,,Άντρας,15500
8/3/2020 21:02:13,4-5,Backend,Python,201-500,Και τα δύο,Ναι,Όχι,Αθήνα,Αθήνα,Άντρας,25000
8/3/2020 22:40:02,1-3,Backend,"Java, C++",51-100,Στον χώρο του εργοδότη,Όχι,Όχι,Αθήνα,,Άντρας,17000
8/3/2020 22:54:04,1-3,"Backend, Frontend","Java, JavaScript",101-200,Στον χώρο του εργοδότη,Όχι,Όχι,Αθήνα,,Άντρας,17500
8/4/2020 0:17:51,1-3,"Backend, Mobile apps",Java,11-50,Στον χώρο του εργοδότη,Όχι,Όχι,Αθήνα,,Άντρας,16800
8/4/2020 1:22:58,1-3,DevOps,"C, Python, Delphi / Object Pascal, Go",11-50,Στον χώρο του εργοδότη,Όχι,Όχι,Αθήνα,,Άντρας,17000
8/4/2020 1:44:42,4-5,Backend,Java,<10,Στον χώρο του εργοδότη,Όχι,Όχι,Αθήνα,,Άντρας,19000
8/4/2020 1:52:31,1-3,Backend,Java,11-50,Στον χώρο του εργοδότη,Όχι,Όχι,Αθήνα,,Άντρας,17000
8/4/2020 10:33:07,11+,Desktop apps,C,501+,Και τα δύο,Όχι,Ναι,Αθήνα,Αθήνα,Άντρας,1200
8/4/2020 10:44:21,1-3,Mobile apps,Kotlin,11-50,Στον χώρο του εργοδότη,Όχι,Όχι,Αθήνα,,Άντρας,16500
8/4/2020 11:00:04,1-3,Desktop apps,"Java, C++",51-100,Στον χώρο του εργοδότη,Όχι,Όχι,Αθήνα,,Άντρας,17000
8/4/2020 11:23:16,4-5,Backend,Java,201-500,Στον χώρο του εργοδότη,Όχι,Όχι,Αθήνα,,Άντρας,20000
8/4/2020 11:58:48,1-3,"Mobile apps, Desktop apps","Java, C#",11-50,Στον χώρο του εργοδότη,Όχι,Όχι,Αθήνα,,Άντρας,17500
8/4/2020 12:32:01,6-10,Backend,"Visual Basic .NET, Ruby, Go",501+,Στον χώρο του εργοδότη,Ναι,Όχι,Αθήνα,,Άντρας,30000
8/4/2020 13:44:12,1-3,Desktop apps,"Java, JavaScript",51-100,Στον χώρο του εργοδότη,Όχι,Όχι,Αθήνα,,Άντρας,15500
8/4/2020 14:05:36,4-5,DevOps,Visual Basic .NET,101-200,Στον χώρο του εργοδότη,Όχι,Όχι,Αθήνα,,Άντρας,18500
8/4/2020 14:55:03,6-10,"Backend, Frontend","Java, Python, JavaScript",11-50,Στον χώρο του εργοδότη,Ναι,Όχι,Αθήνα,,Άντρας,28000
8/4/2020 15:13:18,4-5,Mobile apps,"Java, Kotlin",11-50,Στον χώρο του εργοδότη,Όχι,Όχι,Αθήνα,,Άντρας,20000
8/4/2020 16:14:09,1-3,"Mobile apps, Desktop apps","Java, Kotlin, Ruby",51-100,Στον χώρο του εργοδότη,Όχι,Όχι,Αθήνα,,Άντρας,16000
8/4/2020 16:53:34,4-5,Backend,Java,11-50,Στον χώρο του εργοδότη,Όχι,Όχι,Αθήνα,,Άντρας,21000
8/4/2020 17:30:43,1-3,Backend,Java,11-50,Στον χώρο του εργοδότη,Όχι,Όχι,Αθήνα,,Άντρας,16000
8/4/2020 17:59:59,1-3,Backend,Python,51-100,Στον χώρο του εργοδότη,Όχι,Όχι,Αθήνα,,Άντρας,17000
8/4/2020 19:15:30,11+,"DevOps, Backend, Frontend, Mobile apps, Desktop apps","Java, Python, JavaScript",<10,Απομακρυσμένα,Όχι,Όχι,Αθήνα,Αθήνα,Άντρας,60000
8/4/2020 20:54:12,4-5,AI / ML,"Java, Python, R, Scala",51-100,Στον χώρο του εργοδότη,Όχι,Ναι,Αθήνα,,Άντρας,30000
8/4/2020 21:21:27,1-3,Cybersecurity,"C, C++, Python, JavaScript, Assembly",101-200,Στον χώρο του εργοδότη,Όχι,Όχι,Αθήνα,,Άντρας,25000
8/4/2020 21:40:27,1-3,Backend,Java,<10,Στον χώρο του εργοδότη,Όχι,Όχι,Αθήνα,,Άντρας,18000
8/4/2020 22:26:19,1-3,Backend,Java,11-50,Στον χώρο του εργοδότη,Όχι,Όχι,Αθήνα,,Άντρας,15000
8/4/2020 23:11:50,4-5,DevOps,"Python, Ruby, Go",201-500,Στον χώρο του εργοδότη,Όχι,Όχι,Αθήνα,,Άντρας,20500
8/4/2020 23:37:27,1-3,"DevOps, Backend","Java, Python",<10,Στον χώρο του εργοδότη,Όχι,Όχι,Αθήνα,,Άντρας,16500
8/5/2020 0:01:44,1-3,Desktop apps,"Java, JavaScript",11-50,Στον χώρο του εργοδότη,Όχι,Όχι,Αθήνα,,Άντρας,15000
8/5/2020 0:18:00,1-3,Mobile apps,Kotlin,101-200,Στον χώρο του εργοδότη,Όχι,Όχι,Αθήνα,,Άντρας,14500
8/5/2020 10:55:04,1-3,Backend,Java,101-200,Στον χώρο του εργοδότη,Όχι,Όχι,Αθήνα,,Άντρας,16300
8/5/2020 11:05:08,4-5,Mobile apps,Kotlin,51-100,Στον χώρο του εργοδότη,Όχι,Όχι,Αθήνα,,Άντρας,18500
8/5/2020 12:07:29,1-3,Backend,C#,501+,Στον χώρο του εργοδότη,Ναι,Όχι,Αθήνα,,Άντρας,12400
8/5/2020 12:10:17,1-3,"Backend, Frontend","Java, JavaScript",201-500,Και τα δύο,Όχι,Ναι,Αθήνα,Αθήνα,Άντρας,11000
8/5/2020 12:12:49,1-3,Databases,PL/SQL,51-100,Και τα δύο,Όχι,Ναι,Αθήνα,Αθήνα,Άντρας,10000
8/5/2020 12:18:52,1-3,"Backend, Frontend","Java, Python, JavaScript",101-200,Στον χώρο του εργοδότη,Όχι,Όχι,Αθήνα,,Άντρας,16700
8/5/2020 12:20:23,4-5,"Backend, Frontend","JavaScript, PHP",11-50,Και τα δύο,Ναι,Ναι,Πάτρα,Πάτρα,Άντρας,19.6
8/5/2020 12:34:19,1-3,Backend,"Java, JavaScript",201-500,Στον χώρο του εργοδότη,Όχι,Ναι,Αθήνα,Αθήνα,Άντρας,9800
8/5/2020 12:36:24,6-10,"Backend, Frontend","JavaScript, PHP",<10,Απομακρυσμένα,Ναι,Όχι,Πάτρα,Αθήνα,Άντρας,1500
8/5/2020 12:55:55,1-3,"DevOps, Backend",JavaScript,<10,Απομακρυσμένα,Όχι,Ναι,Ηράκλειο,Cambridge,Άντρας,860 για 32 ωρες τη βδομαδα
8/5/2020 13:04:00,1-3,"Backend, Frontend",Java,201-500,Και τα δύο,Όχι,Όχι,Ιωάννινα,Ιωάννινα,Άντρας,13532
8/5/2020 13:08:17,1-3,Backend,"C#, Python, JavaScript",51-100,Στον χώρο του εργοδότη,Όχι,Ναι,Θεσσαλονίκη,Θεσσαλονίκη,Άντρας,700
8/5/2020 13:38:24,4-5,Backend,"Java, C",201-500,Και τα δύο,Όχι,Όχι,Αθήνα,Αθήνα,Άντρας,18500
8/5/2020 13:59:27,1-3,Mobile apps,Java,11-50,Στον χώρο του εργοδότη,Όχι,Όχι,Αθήνα,,Άντρας,17200
8/5/2020 14:14:13,1-3,DevOps,"Python, Ruby, Go, Bash",201-500,Στον χώρο του εργοδότη,Όχι,Όχι,Αθήνα,,Άντρας,17300
8/5/2020 14:22:00,Δε δουλεύω ακόμα,"Backend, Frontend","JavaScript, PHP",<10,Στον χώρο του εργοδότη,Όχι,Όχι,Θεσσαλονίκη,Θεσσαλονίκη,Άντρας,"11,200"
8/5/2020 14:25:23,4-5,"Backend, Frontend",Java,11-50,Στον χώρο του εργοδότη,Όχι,Όχι,Αθήνα,,Άντρας,20000
8/5/2020 14:47:47,1-3,AI / ML,Python,11-50,Στον χώρο του εργοδότη,Όχι,Ναι,Αθήνα,,Άντρας,21500
8/5/2020 14:58:11,4-5,Cybersecurity,"C, Python, Assembly",51-100,Στον χώρο του εργοδότη,Όχι,Όχι,Αθήνα,,Άντρας,35000
8/5/2020 15:21:02,6-10,"Backend, Desktop apps",Java,11-50,Στον χώρο του εργοδότη,Όχι,Όχι,Αθήνα,,Άντρας,23000
8/5/2020 15:23:35,1-3,Frontend,"Python, JavaScript, PHP, R",<10,Απομακρυσμένα,Όχι,Ναι,Ιωάννινα,Θεσσαλονίκη,Γυναίκα,16
8/5/2020 15:31:02,4-5,DevOps,"Python, Go, Bash",501+,Στον χώρο του εργοδότη,Όχι,Όχι,Αθήνα,,Άντρας,23000
8/5/2020 15:36:33,1-3,Backend,C#,101-200,Και τα δύο,Όχι,Ναι,Αθήνα,Αθήνα,Άντρας,11.9
8/5/2020 15:47:45,6-10,"DevOps, Mobile apps","C++, Python",11-50,Και τα δύο,Ναι,Ναι,Ηράκλειο,Ηράκλειο,Άντρας,30.00€
8/5/2020 15:57:40,1-3,Backend,Java,<10,Στον χώρο του εργοδότη,Όχι,Όχι,Αθήνα,,Άντρας,15800
8/5/2020 16:28:19,1-3,Backend,Java,101-200,Στον χώρο του εργοδότη,Όχι,Όχι,Αθήνα,,Άντρας,16000
8/5/2020 16:37:33,1-3,"Backend, Frontend","JavaScript, PHP",51-100,Και τα δύο,Όχι,Όχι,London,London,Άντρας,44000
8/5/2020 17:12:36,4-5,Backend,PHP,51-100,Και τα δύο,Όχι,Όχι,Malmö - Sweden,,Άντρας,66000
8/5/2020 17:26:25,1-3,Desktop apps,"Java, C#",201-500,Στον χώρο του εργοδότη,Όχι,Όχι,Αθήνα,,Άντρας,16200
8/5/2020 18:18:05,4-5,"Backend, Frontend","Python, JavaScript, PHP",<10,Και τα δύο,Όχι,Ναι,Θεσσαλονίκη,Θεσσαλονίκη,Άντρας,9500
8/5/2020 18:24:09,Δε δουλεύω ακόμα,Frontend,"JavaScript, PHP, Visual Basic",<10,Απομακρυσμένα,Όχι,Όχι,Θεσσαλονίκη,Θεσσαλονίκη,Γυναίκα,4500
8/5/2020 18:31:51,4-5,DevOps,"Python, Bash",51-100,Στον χώρο του εργοδότη,Όχι,Όχι,Αθήνα,,Άντρας,18500
8/5/2020 19:34:04,1-3,Backend,Java,101-200,Στον χώρο του εργοδότη,Όχι,Όχι,Αθήνα,,Άντρας,16200
8/5/2020 20:44:20,1-3,Backend,Python,<10,Στον χώρο του εργοδότη,Όχι,Ναι,Αθήνα,Αθήνα,Άντρας,750 * 14
8/5/2020 20:51:09,11+,"DevOps, Backend, Data ETLs","Python, PHP, Salesforce APEX (Java)",51-100,Απομακρυσμένα,Όχι,Ναι,Αθήνα,Αθήνα,Άντρας,21000
8/5/2020 21:21:36,1-3,Backend,"C, C++, TCL",501+,Στον χώρο του εργοδότη,Όχι,Ναι,Αθήνα,Αθήνα,Άντρας,17120
8/6/2020 0:25:38,1-3,Backend,Java,51-100,Στον χώρο του εργοδότη,Όχι,Όχι,Αθήνα,,Άντρας,17100
8/6/2020 0:27:06,1-3,Desktop apps,Java,<10,Στον χώρο του εργοδότη,Όχι,Όχι,Berlin,Berlin,Άντρας,19500
8/6/2020 1:12:49,1-3,DevOps,"Python, Ruby",11-50,Στον χώρο του εργοδότη,Όχι,Όχι,Αθήνα,,Άντρας,17000
8/6/2020 2:37:05,1-3,Backend,Java,201-500,Στον χώρο του εργοδότη,Όχι,Όχι,Αθήνα,,Άντρας,15700
8/6/2020 10:41:28,1-3,"Backend, Frontend","C#, JavaScript",11-50,Στον χώρο του εργοδότη,Όχι,Όχι,Ιωάννινα,Ιωάννινα,Άντρας,12000
8/6/2020 14:08:12,1-3,Backend,Java,201-500,Στον χώρο του εργοδότη,Όχι,Όχι,Αθήνα,,Άντρας,15000
8/6/2020 14:55:35,4-5,"Backend, Mobile apps","Java, Kotlin",<10,Στον χώρο του εργοδότη,Ναι,Όχι,Αθήνα,,Άντρας,18000
8/6/2020 15:47:54,1-3,Backend,Java,501+,Στον χώρο του εργοδότη,Όχι,Όχι,Αθήνα,,Άντρας,16900
8/6/2020 16:21:05,6-10,"Backend, Frontend","Java, PHP",101-200,Στον χώρο του εργοδότη,Ναι,Όχι,Αθήνα,,Άντρας,30000
8/6/2020 17:37:38,11+,Backend,Java,201-500,Στον χώρο του εργοδότη,Ναι,Όχι,Αθήνα,,Άντρας,48000
8/6/2020 18:19:58,1-3,Backend,Java,501+,Στον χώρο του εργοδότη,Όχι,Όχι,Αθήνα,,Άντρας,14800
8/6/2020 19:51:43,1-3,Mobile apps,Kotlin,201-500,Στον χώρο του εργοδότη,Όχι,Όχι,Αθήνα,,Άντρας,16200
8/6/2020 20:17:37,1-3,Backend,PHP,51-100,Στον χώρο του εργοδότη,Όχι,Όχι,Αθήνα,Αθήνα,Άντρας,16800
8/6/2020 20:55:29,1-3,Mobile apps,"Java, Kotlin",51-100,Στον χώρο του εργοδότη,Όχι,Όχι,Αθήνα,,Άντρας,16000
8/6/2020 21:05:55,4-5,Desktop apps,Java,<10,Στον χώρο του εργοδότη,Όχι,Όχι,Αθήνα,,Άντρας,17500
8/6/2020 22:25:24,1-3,"Backend, Frontend","Python, JavaScript",11-50,Στον χώρο του εργοδότη,Όχι,Όχι,Αθήνα,,Άντρας,15000
8/6/2020 23:57:07,1-3,Backend,Java,201-500,Στον χώρο του εργοδότη,Όχι,Όχι,Αθήνα,,Άντρας,14800
8/7/2020 0:27:57,4-5,AI / ML,"Python, JavaScript, PHP",<10,Και τα δύο,Όχι,Ναι,Ιωάννινα,Ιωάννινα,Άντρας,850
8/7/2020 1:09:02,4-5,"Backend, Frontend","Java, Python",11-50,Στον χώρο του εργοδότη,Όχι,Όχι,Αθήνα,,Άντρας,18200
8/7/2020 2:05:29,4-5,"Backend, Frontend",Java,51-100,Στον χώρο του εργοδότη,Όχι,Όχι,Αθήνα,,Άντρας,19500
8/7/2020 2:17:02,1-3,"Mobile apps, Desktop apps",Java,11-50,Στον χώρο του εργοδότη,Όχι,Ναι,Αθήνα,,Άντρας,15300
8/7/2020 3:04:30,4-5,DevOps,"Python, Ruby, Go",201-500,Στον χώρο του εργοδότη,Όχι,Όχι,Αθήνα,,Άντρας,18400
8/7/2020 12:43:11,1-3,Backend,Java,201-500,Στον χώρο του εργοδότη,Όχι,Όχι,Αθήνα,,Άντρας,15300
8/7/2020 13:00:03,4-5,Backend,Java,11-50,Στον χώρο του εργοδότη,Όχι,Όχι,Αθήνα,,Άντρας,19500
8/7/2020 13:29:14,6-10,Mobile apps,"Java, Kotlin",101-200,Στον χώρο του εργοδότη,Ναι,Όχι,Αθήνα,,Άντρας,27300
8/7/2020 15:18:42,6-10,DevOps,"Python, Ruby, Go, Bash",501+,Στον χώρο του εργοδότη,Ναι,Όχι,Αθήνα,,Άντρας,31000
8/7/2020 17:17:50,1-3,Backend,Java,101-200,Στον χώρο του εργοδότη,Όχι,Όχι,Αθήνα,,Άντρας,14900
8/7/2020 19:47:06,1-3,Mobile apps,"Java, Kotlin",11-50,Στον χώρο του εργοδότη,Όχι,Όχι,Αθήνα,,Άντρας,15300
8/7/2020 20:06:30,6-10,Mobile apps,Kotlin,101-200,Στον χώρο του εργοδότη,Όχι,Όχι,Αθήνα,,Άντρας,18400
8/7/2020 20:22:04,1-3,Desktop apps,"JavaScript, Node.js",<10,Στον χώρο του εργοδότη,Όχι,Όχι,Αθήνα,,Άντρας,14700
8/7/2020 20:58:47,1-3,DevOps,"Python, Bash",11-50,Στον χώρο του εργοδότη,Όχι,Όχι,Αθήνα,,Άντρας,16700
8/7/2020 21:59:09,1-3,Backend,Java,501+,Στον χώρο του εργοδότη,Όχι,Όχι,Αθήνα,,Άντρας,17400
8/8/2020 0:11:43,1-3,Mobile apps,Java,51-100,Στον χώρο του εργοδότη,Όχι,Όχι,Αθήνα,,Άντρας,15900
8/8/2020 1:04:39,1-3,"Backend, Frontend","Python, JavaScript",11-50,Στον χώρο του εργοδότη,Όχι,Όχι,Αθήνα,,Άντρας,17200
8/8/2020 1:55:39,1-3,Backend,Java,<10,Στον χώρο του εργοδότη,Όχι,Όχι,Αθήνα,,Άντρας,18000
8/8/2020 11:50:10,1-3,Backend,Java,201-500,Στον χώρο του εργοδότη,Όχι,Όχι,Αθήνα,,Άντρας,15600
8/8/2020 12:03:33,4-5,Mobile apps,Kotlin,51-100,Στον χώρο του εργοδότη,Ναι,Όχι,Αθήνα,,Άντρας,19700
8/8/2020 12:25:20,1-3,"Backend, Frontend","Java, JavaScript",11-50,Στον χώρο του εργοδότη,Όχι,Όχι,Αθήνα,,Άντρας,16200
8/8/2020 12:49:32,1-3,"DevOps, Backend, Frontend","Python, JavaScript",51-100,Στον χώρο του εργοδότη,Όχι,Ναι,Αθήνα,Αθήνα,Άντρας,7000
8/8/2020 13:26:12,6-10,"DevOps, Backend, Desktop apps","Java, Python",11-50,Στον χώρο του εργοδότη,Ναι,Όχι,Αθήνα,,Άντρας,31700
8/8/2020 13:54:18,1-3,Frontend,JavaScript,101-200,Στον χώρο του εργοδότη,Όχι,Ναι,Αθήνα,,Άντρας,13500
8/8/2020 14:32:06,11+,Backend,Java,201-500,Στον χώρο του εργοδότη,Ναι,Όχι,Αθήνα,,Άντρας,53000
8/8/2020 15:12:53,1-3,DevOps,"Python, Go, Bash",101-200,Στον χώρο του εργοδότη,Όχι,Όχι,Αθήνα,,Άντρας,16900
8/8/2020 15:47:41,1-3,Desktop apps,Java,501+,Στον χώρο του εργοδότη,Όχι,Όχι,Αθήνα,,Άντρας,16800
8/8/2020 16:50:23,4-5,Backend,Java,11-50,Στον χώρο του εργοδότη,Όχι,Ναι,Αθήνα,,Άντρας,18200
8/8/2020 18:23:18,1-3,Mobile apps,Kotlin,11-50,Στον χώρο του εργοδότη,Όχι,Όχι,Αθήνα,,Άντρας,17400
8/8/2020 18:56:53,4-5,DevOps,"C, Python, Bash",201-500,Στον χώρο του εργοδότη,Όχι,Όχι,Αθήνα,,Άντρας,20500
8/8/2020 19:37:22,6-10,Mobile apps,"Java, Kotlin",11-50,Στον χώρο του εργοδότη,Ναι,Όχι,Αθήνα,,Άντρας,29300
8/8/2020 20:08:20,1-3,Backend,Java,201-500,Στον χώρο του εργοδότη,Όχι,Όχι,Αθήνα,,Άντρας,16500
8/8/2020 21:13:30,1-3,DevOps,"Python, Bash",201-500,Στον χώρο του εργοδότη,Όχι,Όχι,Αθήνα,,Άντρας,16200
8/8/2020 21:42:25,4-5,"Backend, Frontend","Java, JavaScript",101-200,Στον χώρο του εργοδότη,Όχι,Όχι,Αθήνα,,Άντρας,22000
8/8/2020 22:21:12,1-3,Desktop apps,Java,<10,Στον χώρο του εργοδότη,Όχι,Όχι,Αθήνα,,Άντρας,14300
8/9/2020 1:12:39,1-3,Backend,Java,201-500,Στον χώρο του εργοδότη,Όχι,Όχι,Αθήνα,,Άντρας,14800
8/9/2020 13:31:31,1-3,Backend,Java,101-200,Στον χώρο του εργοδότη,Όχι,Όχι,Αθήνα,,Άντρας,15200
8/9/2020 13:43:02,4-5,Desktop apps,Java,11-50,Στον χώρο του εργοδότη,Ναι,Όχι,Αθήνα,,Άντρας,17800
8/9/2020 15:23:09,1-3,Mobile apps,"Java, Kotlin",101-200,Στον χώρο του εργοδότη,Όχι,Όχι,Αθήνα,,Άντρας,16700
8/9/2020 15:41:31,6-10,AI / ML,"Python, R, Scala",51-100,Στον χώρο του εργοδότη,Ναι,Όχι,Αθήνα,,Άντρας,36000
8/9/2020 16:00:51,1-3,DevOps,"Python, Go",101-200,Στον χώρο του εργοδότη,Όχι,Όχι,Αθήνα,,Άντρας,16600
8/9/2020 17:05:01,1-3,Mobile apps,Java,11-50,Στον χώρο του εργοδότη,Όχι,Όχι,Αθήνα,,Άντρας,15100
8/9/2020 18:04:34,1-3,Backend,Java,101-200,Στον χώρο του εργοδότη,Όχι,Όχι,Αθήνα,,Άντρας,15000
8/9/2020 18:56:54,4-5,Backend,Java,201-500,Στον χώρο του εργοδότη,Ναι,Όχι,Αθήνα,,Άντρας,19600
8/9/2020 21:04:41,11+,Backend,Java,201-500,Στον χώρο του εργοδότη,Ναι,Όχι,Αθήνα,,Άντρας,54000
8/9/2020 22:05:39,1-3,Backend,Java,11-50,Στον χώρο του εργοδότη,Όχι,Όχι,Αθήνα,,Άντρας,15700
8/10/2020 3:08:10,1-3,Backend,Java,201-500,Στον χώρο του εργοδότη,Όχι,Όχι,Αθήνα,,Άντρας,15800
8/10/2020 16:24:51,1-3,DevOps,"Python, Ruby, Bash",201-500,Στον χώρο του εργοδότη,Όχι,Όχι,Αθήνα,,Άντρας,17500
8/10/2020 17:38:26,4-5,Backend,Java,11-50,Στον χώρο του εργοδότη,Ναι,Όχι,Αθήνα,,Άντρας,21000
8/10/2020 18:26:06,6-10,"Backend, Frontend","Java, JavaScript",51-100,Στον χώρο του εργοδότη,Ναι,Όχι,Αθήνα,,Άντρας,18600
8/10/2020 19:09:25,4-5,Mobile apps,Kotlin,11-50,Στον χώρο του εργοδότη,Όχι,Όχι,Αθήνα,,Άντρας,19600
8/11/2020 0:14:14,4-5,Backend,"Java, Python",101-200,Στον χώρο του εργοδότη,Όχι,Όχι,Αθήνα,,Άντρας,16200
8/11/2020 2:28:49,4-5,Mobile apps,"Java, Kotlin",201-500,Στον χώρο του εργοδότη,Όχι,Όχι,Αθήνα,,Άντρας,18700
8/11/2020 3:59:11,1-3,"Backend, Frontend","Java, JavaScript",11-50,Στον χώρο του εργοδότη,Όχι,Όχι,Αθήνα,,Άντρας,17800
8/11/2020 12:49:16,6-10,Backend,"JavaScript, Ruby",101-200,Στον χώρο του εργοδότη,Όχι,Όχι,Αθήνα,Αθήνα,Άντρας,22500
8/11/2020 14:21:06,1-3,Backend,Java,11-50,Στον χώρο του εργοδότη,Όχι,Όχι,Αθήνα,,Άντρας,15400
8/11/2020 15:25:59,4-5,Backend,Java,101-200,Στον χώρο του εργοδότη,Ναι,Όχι,Αθήνα,,,22000
8/11/2020 17:34:37,1-3,Mobile apps,Java,11-50,Στον χώρο του εργοδότη,Όχι,Όχι,Αθήνα,,Άντρας,15600
8/11/2020 18:29:52,4-5,"Backend, Frontend","Java, JavaScript",51-100,Στον χώρο του εργοδότη,Ναι,Όχι,Αθήνα,,Άντρας,23200
8/11/2020 19:39:31,4-5,"DevOps, Desktop apps","Java, Python, Bash",51-100,Στον χώρο του εργοδότη,Όχι,Όχι,Αθήνα,,Άντρας,21700
8/11/2020 20:22:10,6-10,"Backend, Frontend","Java, Python, JavaScript",201-500,Στον χώρο του εργοδότη,Ναι,Όχι,Αθήνα,,Άντρας,23000
8/11/2020 20:51:10,6-10,DevOps,"Python, Ruby, Go, Perl, Bash",501+,Στον χώρο του εργοδότη,Ναι,Όχι,Αθήνα,,Άντρας,28000
8/11/2020 22:12:22,1-3,Desktop apps,Java,<10,Στον χώρο του εργοδότη,Όχι,Όχι,Αθήνα,,Άντρας,15000
8/12/2020 0:22:42,1-3,"Mobile apps, Desktop apps",Java,11-50,Στον χώρο του εργοδότη,Όχι,Όχι,Αθήνα,,Άντρας,15800
8/12/2020 1:33:35,6-10,Mobile apps,"Java, Kotlin",201-500,Στον χώρο του εργοδότη,Ναι,Όχι,Αθήνα,,Άντρας,30600
8/12/2020 2:03:21,11+,"Backend, Frontend","Java, JavaScript",501+,Στον χώρο του εργοδότη,Ναι,Όχι,Αθήνα,,Άντρας,57000
8/12/2020 15:21:36,1-3,Backend,Java,201-500,Στον χώρο του εργοδότη,Όχι,Όχι,Αθήνα,,Άντρας,16200
8/12/2020 16:17:03,4-5,"Backend, Frontend","Java, JavaScript",51-100,Στον χώρο του εργοδότη,Όχι,Όχι,Αθήνα,,Άντρας,20800
8/12/2020 17:21:59,6-10,Mobile apps,Kotlin,201-500,Στον χώρο του εργοδότη,Ναι,Όχι,Αθήνα,,Άντρας,27200
8/12/2020 18:25:44,1-3,DevOps,"Python, Ruby, Bash",101-200,Στον χώρο του εργοδότη,Όχι,Όχι,Αθήνα,,Άντρας,16700
8/12/2020 19:23:50,4-5,"Mobile apps, Desktop apps",Java,11-50,Στον χώρο του εργοδότη,Όχι,Όχι,Αθήνα,,Άντρας,19400
8/13/2020 2:49:47,1-3,DevOps,"Python, Bash",101-200,Στον χώρο του εργοδότη,Όχι,Όχι,Αθήνα,,Άντρας,16000
8/13/2020 3:23:56,4-5,"Backend, Frontend","Java, JavaScript",11-50,Στον χώρο του εργοδότη,Όχι,Όχι,Αθήνα,,Άντρας,21500
8/13/2020 14:49:16,1-3,Desktop apps,Java,11-50,Στον χώρο του εργοδότη,Όχι,Όχι,Αθήνα,,Άντρας,14500
8/13/2020 15:32:42,6-10,"Backend, Frontend","Java, JavaScript",201-500,Στον χώρο του εργοδότη,Ναι,Όχι,Αθήνα,,Άντρας,24000
8/13/2020 16:14:57,4-5,Mobile apps,Java,11-50,Στον χώρο του εργοδότη,Όχι,Όχι,Αθήνα,,Άντρας,20500
8/13/2020 17:40:56,1-3,Backend,Java,501+,Στον χώρο του εργοδότη,Όχι,Όχι,Αθήνα,,Άντρας,16000
8/13/2020 18:50:30,1-3,Mobile apps,Kotlin,51-100,Στον χώρο του εργοδότη,Όχι,Όχι,Αθήνα,,Άντρας,17000
8/13/2020 20:57:18,6-10,"DevOps, Backend","Java, Python, Ruby",51-100,Στον χώρο του εργοδότη,Ναι,Όχι,Αθήνα,,Άντρας,24500
8/13/2020 22:28:45,1-3,DevOps,"Python, Ruby, Go",501+,Στον χώρο του εργοδότη,Όχι,Όχι,Αθήνα,,Άντρας,17300
8/14/2020 0:43:31,4-5,Backend,Java,201-500,Στον χώρο του εργοδότη,Όχι,Όχι,Αθήνα,,Άντρας,23000
8/14/2020 2:11:20,1-3,Mobile apps,Java,51-100,Στον χώρο του εργοδότη,Όχι,Όχι,Αθήνα,,Άντρας,15600
8/14/2020 2:52:34,4-5,"Backend, Frontend","Java, Python, JavaScript",201-500,Στον χώρο του εργοδότη,Ναι,Όχι,Αθήνα,,Άντρας,18700
8/14/2020 14:32:25,1-3,Backend,Java,101-200,Στον χώρο του εργοδότη,Όχι,Όχι,Αθήνα,,Άντρας,15250
8/14/2020 17:52:25,1-3,Desktop apps,C#,11-50,Στον χώρο του εργοδότη,Όχι,Ναι,Αθήνα,,,13000
8/14/2020 22:42:07,6-10,"Backend, Frontend","Python, Ruby",201-500,Και τα δύο,Ναι,Ναι,Αθήνα,Αθήνα,Άντρας,32200
8/15/2020 1:22:01,1-3,Security DevOp,"Java, C, Python, Ruby, Go",201-500,Στον χώρο του εργοδότη,Όχι,Όχι,Αθήνα,,Άντρας,21000
8/15/2020 2:32:05,Δε δουλεύω ακόμα,"Frontend, Mobile apps, Desktop apps","Java, C, C++, JavaScript, Kotlin",<10,Στον χώρο του εργοδότη,Όχι,,Αθήνα,,Άντρας,15000
8/15/2020 14:34:42,4-5,Mobile apps,Kotlin,201-500,Στον χώρο του εργοδότη,Όχι,Όχι,Αθήνα,,,19700
8/15/2020 16:27:24,6-10,Backend,Java,201-500,Στον χώρο του εργοδότη,Ναι,Όχι,Αθήνα,,Άντρας,25000
8/16/2020 18:40:07,4-5,"Backend, Frontend","Python, JavaScript",11-50,Στον χώρο του εργοδότη,Όχι,Όχι,Αθήνα,,Άντρας,19700
8/16/2020 21:21:35,1-3,Backend,Java,101-200,Στον χώρο του εργοδότη,Όχι,Όχι,Αθήνα,,Άντρας,15800
8/17/2020 1:21:25,6-10,"Backend, Frontend, Desktop apps","Java, JavaScript",11-50,Στον χώρο του εργοδότη,Ναι,Όχι,Αθήνα,,Άντρας,27200
8/17/2020 11:11:55,1-3,Mobile apps,Kotlin,11-50,Στον χώρο του εργοδότη,Όχι,Όχι,Αθήνα,,Άντρας,15000
8/17/2020 13:01:32,11+,Frontend,JavaScript,51-100,Στον χώρο του εργοδότη,Ναι,Ναι,Θεσσαλονίκη,Θεσσαλονίκη,Άντρας,30000
8/17/2020 13:16:32,4-5,DevOps,"Python, Ruby, Bash",201-500,Στον χώρο του εργοδότη,Όχι,Όχι,Αθήνα,,Άντρας,20000
8/17/2020 15:26:37,6-10,"Mobile apps, Desktop apps","Java, JavaScript, Kotlin",51-100,Στον χώρο του εργοδότη,Ναι,Όχι,Αθήνα,,Άντρας,28300
8/17/2020 19:07:31,1-3,Backend,Java,51-100,Στον χώρο του εργοδότη,Όχι,Όχι,Αθήνα,,Άντρας,16400
8/17/2020 23:00:17,6-10,"DevOps, Backend, Frontend","Java, Python, JavaScript, Bash",51-100,Στον χώρο του εργοδότη,Ναι,Όχι,Αθήνα,,Άντρας,26000
8/18/2020 0:44:55,11+,"DevOps, Backend","Java, Python, Bash",501+,Στον χώρο του εργοδότη,Ναι,Όχι,Αθήνα,,Άντρας,44000
8/18/2020 2:01:38,4-5,Desktop apps,Java,11-50,Στον χώρο του εργοδότη,Όχι,Όχι,Αθήνα,,Άντρας,20000
8/18/2020 14:52:00,4-5,Mobile apps,Kotlin,201-500,Στον χώρο του εργοδότη,Ναι,Όχι,Αθήνα,,Άντρας,19000
8/18/2020 16:50:52,1-3,Desktop apps,Java,51-100,Στον χώρο του εργοδότη,Όχι,Όχι,Αθήνα,,Άντρας,15000
8/18/2020 20:22:26,1-3,DevOps,"Python, Ruby, Go",501+,Στον χώρο του εργοδότη,Όχι,Όχι,Αθήνα,,Άντρας,15500
8/18/2020 23:03:54,1-3,Desktop apps,Java,11-50,Στον χώρο του εργοδότη,Όχι,Όχι,Αθήνα,,Άντρας,15600
8/19/2020 1:51:48,1-3,Mobile apps,Java,<10,Στον χώρο του εργοδότη,Όχι,Όχι,Αθήνα,,Άντρας,14500
8/19/2020 12:35:39,4-5,DevOps,Python,101-200,Στον χώρο του εργοδότη,Όχι,Όχι,Αθήνα,,Άντρας,18800
8/19/2020 14:34:48,4-5,"DevOps, Backend, Frontend","Java, Python, JavaScript, Bash",51-100,Στον χώρο του εργοδότη,Όχι,Όχι,Αθήνα,,Άντρας,22000
8/19/2020 15:48:07,4-5,"DevOps, Backend",PHP,11-50,Στον χώρο του εργοδότη,Όχι,Όχι,Αθήνα,Αθήνα,Άντρας,9.6
8/19/2020 17:00:40,11+,"DevOps, Backend, Desktop apps","Java, Python, Ruby, Bash",11-50,Στον χώρο του εργοδότη,Ναι,Όχι,Αθήνα,,,57000
8/19/2020 18:47:50,1-3,Backend,Java,201-500,Στον χώρο του εργοδότη,Όχι,Όχι,Αθήνα,,Άντρας,16000
8/19/2020 21:47:50,1-3,"Backend, Frontend","Java, JavaScript",201-500,Στον χώρο του εργοδότη,Όχι,Όχι,Αθήνα,,Άντρας,17000
8/20/2020 0:49:29,4-5,Mobile apps,Kotlin,201-500,Στον χώρο του εργοδότη,Ναι,Όχι,Αθήνα,,Άντρας,22500
8/20/2020 15:10:51,1-3,Backend,Java,201-500,Στον χώρο του εργοδότη,Όχι,Όχι,Αθήνα,,Άντρας,15800
8/20/2020 16:01:15,4-5,DevOps,"Python, Ruby, Bash",501+,Στον χώρο του εργοδότη,Ναι,Όχι,Αθήνα,,Άντρας,21700
8/21/2020 0:00:38,4-5,Mobile apps,"C++, Python, JavaScript, PHP, Ruby",<10,Και τα δύο,Ναι,Ναι,Αθήνα,Αθήνα,Άντρας,19600
8/21/2020 18:40:43,1-3,Mobile apps,Java,11-50,Στον χώρο του εργοδότη,Όχι,Όχι,Αθήνα,,Άντρας,15300
8/21/2020 19:00:23,4-5,"Backend, Frontend","Java, JavaScript",201-500,Στον χώρο του εργοδότη,Ναι,Όχι,Αθήνα,,Άντρας,20000
8/21/2020 22:07:44,4-5,DevOps,Python,501+,Στον χώρο του εργοδότη,Ναι,Όχι,Αθήνα,,Άντρας,22000
8/22/2020 1:26:59,6-10,Mobile apps,"Java, Kotlin",201-500,Στον χώρο του εργοδότη,Ναι,Όχι,Αθήνα,,Άντρας,35000
8/22/2020 15:00:45,1-3,Backend,Java,201-500,Στον χώρο του εργοδότη,Όχι,Όχι,Αθήνα,,Άντρας,15000
8/22/2020 17:03:54,4-5,DevOps,"Python, Ruby, Go",501+,Στον χώρο του εργοδότη,Όχι,Όχι,Αθήνα,,Άντρας,20500
8/22/2020 18:22:15,1-3,AI / ML,Python,51-100,Στον χώρο του εργοδότη,Όχι,Όχι,Αθήνα,,Άντρας,20000
8/22/2020 20:41:48,6-10,Desktop apps,Java,11-50,Στον χώρο του εργοδότη,Ναι,Όχι,Αθήνα,,Άντρας,28300
8/22/2020 23:08:05,1-3,"Backend, Frontend","Java, JavaScript",201-500,Στον χώρο του εργοδότη,Όχι,Όχι,Αθήνα,,Άντρας,16000
8/23/2020 0:27:10,4-5,AI / ML,"Python, R",101-200,Στον χώρο του εργοδότη,Όχι,Όχι,Αθήνα,,Άντρας,25500
8/23/2020 15:42:46,1-3,"DevOps, Backend","Java, Python",201-500,Στον χώρο του εργοδότη,Όχι,Όχι,Αθήνα,,Άντρας,16400
8/23/2020 18:05:36,4-5,"DevOps, Backend, Frontend",JavaScript,11-50,Στον χώρο του εργοδότη,Ναι,Όχι,Αθήνα,Αθήνα,Άντρας,15000
8/23/2020 19:27:12,4-5,"Backend, Frontend","Java, JavaScript",11-50,Στον χώρο του εργοδότη,Όχι,Όχι,Αθήνα,,Άντρας,19500
8/24/2020 17:16:00,1-3,Backend,Python,201-500,Στον χώρο του εργοδότη,Όχι,Όχι,Αθήνα,,Άντρας,15800
8/24/2020 18:17:26,4-5,"Backend, Frontend","Java, Python, JavaScript",11-50,Στον χώρο του εργοδότη,Όχι,Όχι,Αθήνα,,Άντρας,20000
8/24/2020 19:45:27,1-3,Mobile apps,Java,11-50,Στον χώρο του εργοδότη,Όχι,Όχι,Αθήνα,,Άντρας,15400
8/25/2020 0:55:34,6-10,"DevOps, Backend, Frontend, Desktop apps","Java, Python, JavaScript",11-50,Στον χώρο του εργοδότη,Ναι,Όχι,Αθήνα,,Άντρας,25700
8/25/2020 13:56:25,1-3,DevOps,"Python, Go",501+,Στον χώρο του εργοδότη,Όχι,Όχι,Αθήνα,,Άντρας,17000
8/25/2020 16:18:39,4-5,AI / ML,Python,51-100,Στον χώρο του εργοδότη,Όχι,Όχι,Αθήνα,,Άντρας,20500
8/25/2020 19:31:12,6-10,"DevOps, Backend","Java, Python",11-50,Στον χώρο του εργοδότη,Ναι,Όχι,Αθήνα,,Άντρας,27000
8/26/2020 0:52:14,1-3,Backend,Java,201-500,Στον χώρο του εργοδότη,Όχι,Όχι,Αθήνα,,Άντρας,15200
8/26/2020 1:39:01,4-5,DevOps,R,<10,Και τα δύο,Όχι,Όχι,Αθήνα,Αθήνα,Άντρας,20000
8/26/2020 14:22:02,4-5,Mobile apps,Kotlin,201-500,Στον χώρο του εργοδότη,Όχι,Όχι,Αθήνα,,Άντρας,19000
8/26/2020 16:40:49,6-10,AI / ML,"Java, Python, Scala",11-50,Στον χώρο του εργοδότη,Ναι,Όχι,Αθήνα,,Άντρας,53000
8/26/2020 19:35:22,4-5,DevOps,"Python, Ruby",501+,Στον χώρο του εργοδότη,Όχι,Όχι,Αθήνα,,Άντρας,22000
8/26/2020 23:26:25,1-3,Desktop apps,Java,101-200,Στον χώρο του εργοδότη,Όχι,Όχι,Αθήνα,,Άντρας,14800
8/27/2020 12:04:46,4-5,Backend,Java,101-200,Στον χώρο του εργοδότη,Όχι,Όχι,Αθήνα,,Άντρας,22000
8/27/2020 12:24:56,1-3,Magento,"JavaScript, PHP",11-50,Και τα δύο,Όχι,Ναι,Θεσσαλονίκη,Θεσσαλονίκη,Άντρας,10000
8/27/2020 17:00:52,6-10,Backend,Java,101-200,Στον χώρο του εργοδότη,Ναι,Όχι,Αθήνα,,Άντρας,38000
8/28/2020 10:58:45,4-5,"Backend, Frontend","Java, JavaScript",51-100,Στον χώρο του εργοδότη,Ναι,Όχι,Αθήνα,,Άντρας,23000
8/28/2020 14:14:32,6-10,"Backend, Frontend","Java, JavaScript",201-500,Στον χώρο του εργοδότη,Ναι,Όχι,Αθήνα,,Άντρας,35000
8/28/2020 16:20:08,4-5,DevOps,"Python, Ruby, Go",501+,Στον χώρο του εργοδότη,Όχι,Όχι,Αθήνα,,Άντρας,21500
8/28/2020 18:36:55,1-3,Desktop apps,Java,<10,Στον χώρο του εργοδότη,Όχι,Όχι,Αθήνα,,Άντρας,15000
8/28/2020 21:37:50,6-10,Backend,Java,101-200,Στον χώρο του εργοδότη,Ναι,Όχι,Αθήνα,,Άντρας,38000
8/28/2020 23:10:49,11+,"DevOps, Backend, Frontend, Mobile apps, Desktop apps","Java, Python, JavaScript",<10,Και τα δύο,Ναι,Ναι,Αθήνα,,Άντρας,80000
8/29/2020 11:58:35,1-3,Mobile apps,"Java, PHP, Swift",11-50,Στον χώρο του εργοδότη,Όχι,Ναι,Αθήνα,Αθήνα,Άντρας,12825
8/29/2020 14:46:08,1-3,Backend,Java,11-50,Στον χώρο του εργοδότη,Όχι,Όχι,Αθήνα,,Άντρας,13000
8/29/2020 18:47:41,1-3,DevOps,"Python, Go, Bash",101-200,Στον χώρο του εργοδότη,Όχι,Όχι,Αθήνα,,Άντρας,17000
8/29/2020 19:48:16,4-5,Mobile apps,"Java, Kotlin",201-500,Στον χώρο του εργοδότη,Ναι,Όχι,Αθήνα,,Άντρας,21500
8/29/2020 22:25:16,6-10,AI / ML,"Java, Python, R, Scala",11-50,Στον χώρο του εργοδότη,Ναι,Όχι,Αθήνα,,,38000
8/31/2020 15:49:39,1-3,"Backend, Frontend","Java, JavaScript",101-200,Στον χώρο του εργοδότη,Όχι,Όχι,Αθήνα,,Άντρας,16500
8/31/2020 21:18:16,4-5,Desktop apps,Java,201-500,Στον χώρο του εργοδότη,Ναι,Όχι,Αθήνα,,Άντρας,24000
9/1/2020 10:04:37,6-10,DevOps,"Python, Go",501+,Στον χώρο του εργοδότη,Ναι,Όχι,Αθήνα,,Άντρας,37000
9/1/2020 11:21:21,1-3,Desktop apps,Java,<10,Στον χώρο του εργοδότη,Όχι,Όχι,Αθήνα,,Άντρας,15400
9/1/2020 16:11:59,4-5,Mobile apps,Java,11-50,Στον χώρο του εργοδότη,Όχι,Όχι,Αθήνα,,Άντρας,23500
9/1/2020 18:26:41,1-3,Desktop apps,Java,51-100,Στον χώρο του εργοδότη,Όχι,Όχι,Αθήνα,,Άντρας,14800
9/1/2020 18:28:00,1-3,Frontend,JavaScript,51-100,Στον χώρο του εργοδότη,Όχι,Όχι,Αθήνα,Αθήνα,Άντρας,8200
9/1/2020 19:19:30,4-5,"DevOps, Backend","C++, Python",201-500,Και τα δύο,Όχι,Ναι,Munich,Munich,Άντρας,48000
9/1/2020 21:32:30,4-5,Backend,Java,201-500,Στον χώρο του εργοδότη,Ναι,Όχι,Αθήνα,,Άντρας,30000
9/1/2020 23:32:01,Δε δουλεύω ακόμα,Frontend,"JavaScript, PHP",<10,Και τα δύο,Όχι,,Αθήνα,Αθήνα,Άντρας,700
9/1/2020 23:39:45,Δε δουλεύω ακόμα,DevOps,"Java, C#",11-50,Στον χώρο του εργοδότη,Όχι,Όχι,Θεσσαλονίκη,Θεσσαλονίκη,Άντρας,20000
9/2/2020 0:04:58,1-3,Backend,Java,501+,Στον χώρο του εργοδότη,Όχι,Όχι,Αθήνα,,Άντρας,18000
9/2/2020 1:08:27,11+,"DevOps, Backend, Frontend, Mobile apps, AI / ML","C#, Python, JavaScript",501+,Και τα δύο,Ναι,Ναι,Αθήνα,Αθήνα,Άντρας,"43000 +ΦΠΑ μικτά (τι καθαρά ρε παιδιά, στην Ελλάδα με μπλοκάκι και τον εφκα να αλλάζει random, δεν βγάζεις άκρη)"
9/2/2020 9:48:54,4-5,"Backend, Frontend","Visual Basic .NET, JavaScript",101-200,Στον χώρο του εργοδότη,Ναι,Ναι,Αθήνα,Αθήνα,Άντρας,1200
9/2/2020 12:05:31,1-3,Backend,Kotlin,101-200,Απομακρυσμένα,Όχι,Όχι,Αθήνα,Αθήνα,Άντρας,8500
9/2/2020 12:22:19,11+,Frontend,JavaScript,11-50,Στον χώρο του εργοδότη,Όχι,Όχι,Αθήνα,,Άντρας,42000 + 1450 (up hellas)
9/2/2020 12:29:22,1-3,Frontend,JavaScript,11-50,Και τα δύο,Όχι,Ναι,Αθήνα,Αθήνα,Άντρας,9800
9/2/2020 12:38:39,1-3,"Backend, Frontend, Desktop apps","C#, Visual Basic .NET, PL/SQL",101-200,Στον χώρο του εργοδότη,Όχι,Όχι,Αθήνα,Αθήνα,Άντρας,14000
9/2/2020 12:39:39,1-3,AI / ML,Python,51-100,Και τα δύο,Όχι,Όχι,Αθήνα,Αθήνα,Άντρας,12600
9/2/2020 12:41:59,4-5,"Backend, Frontend","PHP, Ruby, Go",<10,Απομακρυσμένα,Ναι,Ναι,Αθήνα,Αθήνα,Γυναίκα,περίπου 26600
9/2/2020 12:58:45,4-5,"Backend, Frontend","Python, JavaScript, PHP",101-200,Και τα δύο,Ναι,Ναι,Αθήνα,Αθήνα,Γυναίκα,22000
9/2/2020 13:01:10,11+,"DevOps, Backend, Frontend","JavaScript, Ruby",11-50,Και τα δύο,Ναι,Όχι,Amsterdam,Amsterdam,Άντρας,66000
9/2/2020 13:53:22,6-10,"Backend, Frontend, Desktop apps","C#, JavaScript",11-50,Και τα δύο,Όχι,Ναι,Stockholm,Stockholm,Άντρας,38000
9/2/2020 14:20:54,1-3,Backend,"JavaScript, PHP",51-100,Απομακρυσμένα,Ναι,,Ηράκλειο,,,7724
9/2/2020 14:31:02,1-3,"Backend, Frontend","C#, JavaScript",<10,Απομακρυσμένα,Όχι,Ναι,Αθήνα,Αθήνα,Άντρας,9000
9/2/2020 14:59:01,1-3,"Backend, Frontend","JavaScript, Node js",<10,Και τα δύο,Ναι,Ναι,Θεσσαλονίκη,Θεσσαλονίκη,Άντρας,12500
9/2/2020 16:11:58,11+,"Backend, Frontend",PHP,201-500,Στον χώρο του εργοδότη,Όχι,Ναι,Αθήνα,,Άντρας,21700
9/2/2020 17:47:19,1-3,"Backend, Frontend","Python, JavaScript",11-50,Και τα δύο,Όχι,Όχι,Ιωάννινα,Ιωάννινα,Άντρας,10500
9/2/2020 18:20:09,1-3,Backend,Java,11-50,Στον χώρο του εργοδότη,Όχι,Όχι,Αθήνα,,Άντρας,18500
9/2/2020 18:32:58,4-5,"DevOps, Backend, Frontend","Java, Python, JavaScript, Bash",51-100,Στον χώρο του εργοδότη,Όχι,Όχι,Αθήνα,,Άντρας,24500
9/2/2020 18:36:07,1-3,Desktop apps,C++,501+,Και τα δύο,Όχι,Όχι,Αθήνα,Αθήνα,Άντρας,13000
9/2/2020 18:49:28,1-3,Backend,PHP,51-100,Στον χώρο του εργοδότη,Όχι,Όχι,Θεσσαλονίκη,Θεσσαλονίκη,Άντρας,18912
9/2/2020 19:20:25,6-10,"Backend, Frontend","Java, JavaScript",501+,Στον χώρο του εργοδότη,Ναι,Όχι,Αθήνα,,Άντρας,60000
9/2/2020 19:28:55,6-10,Backend,Python,11-50,Και τα δύο,Όχι,Ναι,Σέρρες,Θεσσαλονίκη,Άντρας,17000
9/2/2020 19:42:21,6-10,Backend,"Java, C, JavaScript",101-200,Στον χώρο του εργοδότη,Όχι,Όχι,Αθήνα,Αθήνα,Άντρας,22800
9/2/2020 19:53:25,1-3,"Backend, Frontend","JavaScript, PHP",11-50,Στον χώρο του εργοδότη,Όχι,,Αθήνα,Αθήνα,Άντρας,10800
9/2/2020 19:53:45,1-3,Mobile apps,Java,11-50,Στον χώρο του εργοδότη,Όχι,Όχι,Αθήνα,,Άντρας,18600
9/2/2020 20:02:20,4-5,DevOps,"Python, Ruby",101-200,Στον χώρο του εργοδότη,Όχι,Όχι,Αθήνα,Αθήνα,Άντρας,22700
9/2/2020 21:56:13,1-3,Backend,PHP,11-50,Και τα δύο,Όχι,Ναι,Αθήνα,Αθήνα,Άντρας,17000
9/2/2020 22:19:06,11+,"DevOps, Backend, Frontend, Desktop apps","Java, Python, JavaScript",101-200,Στον χώρο του εργοδότη,Ναι,Όχι,Αθήνα,,Άντρας,65000
9/2/2020 23:46:31,1-3,Backend,Python,<10,Απομακρυσμένα,Όχι,Ναι,Τρίπολη,Αθήνα,Άντρας,8040
9/3/2020 1:03:55,4-5,Desktop apps,Java,<10,Στον χώρο του εργοδότη,Όχι,Όχι,Αθήνα,Αθήνα,Άντρας,17000